全国地方公共団体コード,都道府県,市区町村,収録状況,障害者_要介護度の下限,障害者_認知症度の下限,障害者_寝たきり度の下限,特別障害者_要介護度の下限,特別障害者_認知症度の下限,特別障害者_寝たきり度の下限,根拠（例規名など）,公布日,最終改正日,出典URL,データ読み取り日
012041,北海道,旭川市,判定ランクを公表していない,,,,,,,,,,https://www.city.asahikawa.hokkaido.jp/kurashi/101/1051/03/d055977.html,2026-08-27
012084,北海道,北見市,基準表が本文に無い,,,,,,,障害者控除対象者認定書交付事務処理要綱,2014-04-01,2019-03-28,https://lg.joureikun.jp/kitami_city/reiki/act/110001305.html,2026-08-27
012165,北海道,芦別市,表が読めない,,,,,,,芦別市高齢者に係る障害者控除対象者認定書交付規則,2007-01-31,2016-03-31,https://houmu.h-chosonkai.gr.jp/~reikidb/data/6/44/reiki_honbun/a017RG00000285.html,2026-08-27
012203,北海道,士別市,基準表が本文に無い,,,,,,,士別市事務専決規程,2005-09-01,2026-03-31,https://en3-jg.d1-law.com/shibetsu/d1w_reiki/H417902200004/H417902200004_j.html,2026-08-27
012211,北海道,名寄市,要確認(順序が逆転),,,B2,要介護3,Ⅲa,B1,名寄市障害者控除対象者認定に関する事務処理要綱,2008-12-17,2023-03-24,https://en3-jg.d1-law.com/nayoro/d1w_reiki/H420902501029/H420902501029_j.html,2026-08-27
012262,北海道,砂川市,表が読めない,,,,,,,砂川市障害者控除対象者認定に関する取扱要綱,2006-12-20,2018-07-31,http://www.city.sunagawa.hokkaido.jp/d1w_reiki/H418902200038/H418902200038_j.html,2026-08-27
012289,北海道,深川市,読めた(本文の文章から),要介護1,Ⅱa,B1,,,,深川市高齢者に係る障がい者控除対象者認定書交付事務取扱要綱,2002-11-19,2024-02-01,https://www1.g-reiki.net/fukagawa/reiki_honbun/r100RG00000662.html,2026-08-27
012351,北海道,石狩市,読めた,,Ⅱa,B1,,,,石狩市障害者控除対象者認定要綱,2011-03-10,2011-03-10,https://en3-jg.d1-law.com/ishikari/d1w_reiki/H423902600033/H423902600033_j.html,2026-08-27
012360,北海道,北斗市,読めた,,Ⅱa,B1,,Ⅳ,,北斗市障害者控除対象者認定書交付規程,2006-02-01,2016-04-01,https://www.city.hokuto.hokkaido.jp/reiki_int/reiki_honbun/r297RG00000308.html,2026-08-27
013048,北海道,新篠津村,読めた,要介護1,Ⅱa,,要介護4,Ⅲa,,新篠津村障害者控除対象者認定書交付事務取扱要綱,2011-01-14,2011-01-14,http://houmu.h-chosonkai.gr.jp/~reikidb/data/100/40/reiki_honbun/a037RG00000468.html,2026-08-27
013323,北海道,福島町,読めた(本文の文章から),,Ⅲa,,,Ⅳ,A1,障害者控除対象者の認定に関する取扱要綱,2004-04-30,2005-07-15,http://houmu.h-chosonkai.gr.jp/~reikidb/data/171/54/reiki_honbun/a041RG00000470.html,2026-08-27
013374,北海道,七飯町,読めた,要介護1,,,要介護3,Ⅲa,B1,七飯町障害者控除対象者認定要綱,2011-11-22,2022-07-01,http://houmu.h-chosonkai.gr.jp/~reikidb/data/142/57/reiki_honbun/a046RG00000653.html,2026-08-27
013439,北海道,鹿部町,読めた,要介護1,,,要介護3,Ⅲa,C1,鹿部町障害者控除対象者認定実施要綱,2008-01-15,2008-01-15,http://houmu.h-chosonkai.gr.jp/~reikidb/data/84/50/reiki_honbun/a051RG00000422.html,2026-08-27
013455,北海道,森町,読めた,要介護1,,,要介護3,Ⅲa,B1,森町障害者控除対象者認定要綱,2012-12-26,2021-09-15,http://houmu.h-chosonkai.gr.jp/~reikidb/data/194/66/reiki_honbun/r119RG00000773.html,2026-08-27
013617,北海道,江差町,基準表が本文に無い,,,,,,,江差町要介護認定者に係る障害者控除対象者認定書交付要綱,2026-02-01,2026-02-01,http://houmu.h-chosonkai.gr.jp/~reikidb/data/28/34/reiki_honbun/a056RG00000881.html,2026-08-27
013676,北海道,奥尻町,基準表が本文に無い,,,,,,,障害者控除対象者認定書交付要綱,2002-12-27,2002-12-27,http://houmu.h-chosonkai.gr.jp/~reikidb/data/39/50/H414902200039/H414902200039_j.html,2026-08-27
013714,北海道,せたな町,基準表が本文に無い,,,,,,,要綱等で定める様式における押印の取扱いに関する要綱,2023-01-23,2023-01-23,http://houmu.h-chosonkai.gr.jp/~reikidb/data/106/57/H505902200001/H505902200001_j.html,2026-08-27
013943,北海道,蘭越町,読めた(本文の文章から),,Ⅱa,A1,,Ⅳ,C1,要介護認定者等に係る障害者控除対象者認定書交付要綱,2003-02-17,2003-02-17,https://www1.g-reiki.net/rankoshi/reiki_honbun/a069RG00000541.html,2026-08-27
013951,北海道,ニセコ町,要確認(順序が逆転),,Ⅱa,A1,,Ⅳ,J1,要介護認定者等に係る障害者控除対象者認定書交付要綱,2003-02-12,2003-02-12,https://en3-jg.d1-law.com/niseko/d1w_reiki/H415902200001/H415902200001_j.html,2026-08-27
013978,北海道,留寿都村,読めた(本文の文章から),,Ⅱa,A1,,Ⅳ,C1,要介護認定者等に係る障害者控除対象者認定書交付要綱,2017-02-22,2017-02-22,https://en3-jg.d1-law.com/rusutsu/d1w_reiki/H429902200004/H429902200004_j.html,2026-08-27
013986,北海道,喜茂別町,読めた(本文の文章から),,Ⅱa,A1,,Ⅳ,B1,要介護認定者等に係る障害者控除対象者認定書交付要綱,2024-10-28,2024-10-28,http://houmu.h-chosonkai.gr.jp/~reikidb/data/63/37/reiki_honbun/a073RG00000707.html,2026-08-27
014001,北海道,倶知安町,読めた(本文の文章から),,Ⅱa,A1,,Ⅳ,C1,要介護認定者等に係る障害者控除対象者認定書交付要領,2003-01-15,2021-06-01,http://houmu.h-chosonkai.gr.jp/~reikidb/data/69/68/reiki_honbun/a075RG00001359.html,2026-08-27
014095,北海道,赤井川村,読めた(本文の文章から),,Ⅳ,C1,,,,要介護認定者等に係る障害者控除対象者認定書交付要綱,2007-03-30,2018-03-30,http://houmu.h-chosonkai.gr.jp/~reikidb/data/2/36/reiki_honbun/a084RG00000506.html,2026-08-27
014231,北海道,南幌町,表が読めない,,,,,,,南幌町障害者控除対象者認定事務取扱要綱,2006-02-23,2006-02-23,http://houmu.h-chosonkai.gr.jp/~reikidb/data/144/54/H418902500003.001/H418902500003.001_j.html,2026-08-27
014290,北海道,栗山町,読めた(本文の文章から),要介護1,,,要介護4,,,障害者控除対象者認定事務取扱要綱,2002-11-01,2007-02-01,https://www1.g-reiki.net/town.kuriyama/reiki_honbun/a092RG00000432.html,2026-08-27
014311,北海道,浦臼町,基準表が本文に無い,,,,,,,障害者控除対象者認定書交付事務取扱要綱,2002-12-18,2002-12-18,https://houmu.h-chosonkai.gr.jp/~reikidb/data/23/50/reiki_honbun/a094RG00000442.html,2026-08-27
014320,北海道,新十津川町,読めた,要介護1,Ⅱa,,要介護3,,B1,新十津川町障害者控除対象者の認定に関する規則,2009-10-23,2016-03-30,http://houmu.h-chosonkai.gr.jp/~reikidb/data/102/45/H421902100021/H421902100021_j.html,2026-08-27
014362,北海道,雨竜町,読めた,要介護1,Ⅱa,,要介護3,,B1,雨竜町障害者控除対象者の認定に関する規則,2016-02-12,2022-04-01,http://www.town.uryu.hokkaido.jp/reiki_int/reiki_honbun/a098RG00000597.html,2026-08-27
014371,北海道,北竜町,読めた(本文の文章から),要介護1,Ⅲa,B1,,,,北竜町高齢者に係る障害者控除対象者認定書交付事務取扱要綱,2002-12-17,2010-01-08,http://houmu.h-chosonkai.gr.jp/~reikidb/data/176/59/reiki_honbun/a099RG00000329.html,2026-08-27
014524,北海道,鷹栖町,読めた,要介護1,,A1,要介護3,Ⅲa,,鷹栖町障害者控除対象者認定事業規則,2007-04-01,2007-04-01,https://houmu.h-chosonkai.gr.jp/~reikidb/data/110/33/H419902100052/H419902100052_j.html,2026-08-27
014567,北海道,愛別町,読めた,要介護1,,A1,要介護3,Ⅲa,,愛別町障害者控除対象者認定事務取扱要綱,2013-01-22,2022-03-11,http://houmu.h-chosonkai.gr.jp/~reikidb/data/1/74/H425902600001/H425902600001_j.html,2026-08-27
014818,北海道,増毛町,基準表が本文に無い,,,,,,,増毛町障害者控除対象者認定書交付事務処理要綱,2007-11-06,2016-03-31,http://houmu.h-chosonkai.gr.jp/~reikidb/data/181/55/H419909100009/H419909100009_j.html,2026-08-27
014826,北海道,小平町,読めた,,Ⅱa,A1,,Ⅲa,,小平町障害者控除対象者認定書交付要綱,2009-10-09,2009-10-09,http://houmu.h-chosonkai.gr.jp/~reikidb/data/48/44/H421902200019/H421902200019_j.html,2026-08-27
014834,北海道,苫前町,読めた,,Ⅱa,A1,,Ⅲa,,苫前町障害者控除対象者認定実施要綱,2011-11-30,2016-03-29,http://www.town.tomamae.lg.jp/reiki/reiki_honbun/a125RG00000493.html,2026-08-27
014842,北海道,羽幌町,読めた(別表から),,,,,Ⅰ,J1,羽幌町障害者控除対象者認定書交付事務処理要綱,2008-09-22,2019-05-31,http://houmu.h-chosonkai.gr.jp/~reikidb/data/153/58/H420902200010/H420902200010_j.html,2026-08-27
014869,北海道,遠別町,読めた,要介護1,Ⅱa,A1,要介護1,,B1,遠別町高齢者に係る障がい者控除対象者認定書交付事務取扱要綱,2013-03-29,2016-03-23,http://houmu.h-chosonkai.gr.jp/~reikidb/data/34/54/H425902600007/H425902600007_j.html,2026-08-27
014877,北海道,天塩町,読めた,,Ⅱa,A1,,Ⅲa,,天塩町障害者控除対象者認定書交付要綱,2011-12-01,2011-12-01,http://houmu.h-chosonkai.gr.jp/~reikidb/data/121/55/H423902500110/H423902500110_j.html,2026-08-27
015113,北海道,猿払村,読めた,,,A1,,,B1,猿払村障害者控除対象者認定書交付に関する要綱,2007-10-30,2016-01-22,https://www.vill.sarufutsu.hokkaido.jp/contents/reiki/H419902200036/H419902200036_j.html,2026-08-27
015164,北海道,豊富町,読めた,,Ⅱa,A1,,Ⅲa,,要介護認定者の所得税法及び地方税法上の障害者控除等の認定に係る取扱要綱,2007-02-27,2019-04-22,http://houmu.h-chosonkai.gr.jp/~reikidb/data/134/55/H419909100010/H419909100010_j.html,2026-08-27
015521,北海道,佐呂間町,読めた(本文の文章から),,,,,Ⅱa,A1,佐呂間町障害者控除対象者認定に関する要綱,2006-10-20,2014-11-10,https://www.town.saroma.hokkaido.jp/reiki_int/reiki_honbun/a151RG00000330.html,2026-08-27
015598,北海道,湧別町,読めた(本文の文章から),,,,,Ⅱa,A1,湧別町障害者控除対象者認定に関する要綱,2009-10-05,2026-03-31,http://houmu.h-chosonkai.gr.jp/~reikidb/data/199/57/reiki_honbun/r383RG00000388.html,2026-08-27
015601,北海道,滝上町,読めた(本文の文章から),,,,,Ⅱa,A1,滝上町障害者控除対象者認定に関する要綱,2013-04-30,2013-04-30,http://houmu.h-chosonkai.gr.jp/~reikidb/data/112/79/reiki_honbun/a159RG00000614.html,2026-08-27
015610,北海道,興部町,読めた(本文の文章から),,,,,Ⅱa,A1,興部町障害者控除対象者認定に関する要綱,2013-03-26,2013-03-26,https://public.joureikun.jp/okoppe_town/reiki/act/110000761.html,2026-08-27
015628,北海道,西興部村,読めた(本文の文章から),,,,,Ⅱa,A1,西興部村障害者控除対象者認定に関する要綱,2016-02-01,2016-02-01,http://houmu.h-chosonkai.gr.jp/~reikidb/data/147/47/H428902200001.001/H428902200001.001_j.html,2026-08-27
015717,北海道,豊浦町,読めた(本文の文章から),,Ⅱa,A1,,,,要介護認定者の所得税法及び地方税法上の障害者控除等の認定に係る取扱要綱,2016-03-11,2022-06-17,http://houmu.h-chosonkai.gr.jp/~reikidb/data/132/76/reiki_honbun/o200RG00000804.html,2026-08-27
015750,北海道,壮瞥町,読めた(本文の文章から),,Ⅱa,A1,,,,要介護認定者の所得税法及び地方税法上の障害者控除等の認定に係る取扱要綱,2003-02-14,2009-12-30,http://houmu.h-chosonkai.gr.jp/~reikidb/data/107/43/reiki_honbun/a167RG00000373.html,2026-08-27
015814,北海道,厚真町,読めた,,Ⅱa,A1,,Ⅲa,B1,厚真町障害者控除対象者認定に関する取扱要綱,2017-06-27,2022-03-17,http://houmu.h-chosonkai.gr.jp/~reikidb/data/12/50/reiki_honbun/a171RG00000717.html,2026-08-27
015849,北海道,洞爺湖町,読めた(本文の文章から),,Ⅱa,A1,,,,要介護認定者の所得税法及び地方税法上の障害者控除等の認定に係る取扱要綱,2006-03-27,2009-12-29,http://houmu.h-chosonkai.gr.jp/~reikidb/data/126/40/H418902200052/H418902200052_j.html,2026-08-27
016012,北海道,日高町,読めた(本文の文章から),,,,,Ⅱb,B1,日高町障害者控除対象者認定事務取扱要領,2006-03-01,2025-03-31,https://www.town.hidaka.hokkaido.jp/reiki/H418902500038/H418902500038_j.html,2026-08-27
016021,北海道,平取町,読めた,,Ⅱa,A1,,Ⅲa,,平取町障害者控除対象者認定実施要綱,2012-11-01,2012-11-01,http://houmu.h-chosonkai.gr.jp/~reikidb/data/167/46/H424902200016/H424902200016_j.html,2026-08-27
016080,北海道,様似町,読めた,,Ⅱa,A1,,,,様似町障害者控除対象者認定要綱,2003-12-25,2015-02-02,https://houmu.h-chosonkai.gr.jp/~reikidb/data/78/58/H415902200019/H415902200019_j.html,2026-08-27
016349,北海道,鹿追町,読めた,要介護1,Ⅱa,A1,要介護1,Ⅲa,,鹿追町障害者控除対象者認定要綱,2010-02-01,2019-12-01,https://www1.g-reiki.net/shikaoi/reiki_honbun/w900RG00000583.html,2026-08-27
016357,北海道,新得町,読めた(本文の文章から),,Ⅰ,C1,,,,障害者控除対象者認定書交付事務取扱要綱,2003-10-30,2003-10-30,http://houmu.h-chosonkai.gr.jp/~reikidb/data/101/56/H415902200022/H415902200022_j.html,2026-08-27
016381,北海道,中札内村,基準表が本文に無い,,,,,,,障害者控除対象者認定書交付事務取扱要綱,2002-12-10,2010-03-25,http://houmu.h-chosonkai.gr.jp/~reikidb/data/137/59/H414902600024/H414902600024_j.html,2026-08-27
016420,北海道,広尾町,読めた(別表から),,,,,Ⅰ,,広尾町老齢者（老齢障害者等）の所得税法上の事務取扱要綱,2003-04-01,2003-04-01,https://houmu.h-chosonkai.gr.jp/~reikidb/data/168/24/H415902600021/H415902600021_j.html,2026-08-27
016454,北海道,豊頃町,基準表が本文に無い,,,,,,,豊頃町障害者控除対象者認定書交付事務取扱要綱,2003-02-10,2022-03-29,http://houmu.h-chosonkai.gr.jp/~reikidb/data/133/45/reiki_honbun/a197RG00000424.html,2026-08-27
016462,北海道,本別町,基準表が本文に無い,,,,,,,本別町障害者控除対象者認定書交付事務取扱要綱,2003-03-31,2003-03-31,http://houmu.h-chosonkai.gr.jp/~reikidb/data/179/34/reiki_honbun/a198RG00000513.html,2026-08-27
016489,北海道,陸別町,読めた(本文の文章から),,Ⅰ,,,,,陸別町障害者控除対象者認定書交付事務取扱要綱,2003-12-08,2019-03-06,http://houmu.h-chosonkai.gr.jp/~reikidb/data/204/50/H415902200016/H415902200016_j.html,2026-08-27
016497,北海道,浦幌町,基準表が本文に無い,,,,,,,浦幌町障害者控除対象者認定要領,2009-01-16,2009-01-16,http://houmu.h-chosonkai.gr.jp/~reikidb/data/25/57/H421902300004/H421902300004_j.html,2026-08-27
016624,北海道,厚岸町,読めた,要支援2,Ⅱa,A1,要介護4,Ⅳ,B1,厚岸町障害者控除対象者認定事務取扱要綱,2024-07-22,2024-07-22,http://houmu.h-chosonkai.gr.jp/~reikidb/data/9/78/reiki_honbun/a204RG00001525.html,2026-08-27
016632,北海道,浜中町,読めた(本文の文章から),,Ⅱa,A1,,,,障がい者控除対象者認定書交付事務取扱要綱,2007-09-28,2007-09-28,https://www1.g-reiki.net/townhamanaka/reiki_honbun/a205RG00000208.html,2026-08-27
016641,北海道,標茶町,読めた(本文の文章から),,Ⅰ,J1,,,,標茶町障がい者控除対象者認定書交付要綱,2007-12-20,2021-04-01,http://houmu.h-chosonkai.gr.jp/~reikidb/data/86/58/H419902200042/H419902200042_j.html,2026-08-27
016659,北海道,弟子屈町,読めた(本文の文章から),,Ⅱa,A1,,,,障害者控除対象者認定書交付事務処理要綱,2003-02-12,2016-02-16,http://houmu.h-chosonkai.gr.jp/~reikidb/data/122/48/H415902200004/H415902200004_j.html,2026-08-27
016918,北海道,別海町,読めた(別表から),,,,要介護1,Ⅰ,J1,別海町障害者控除対象者認定に関する要綱,2014-11-04,2024-03-31,https://houmu.h-chosonkai.gr.jp/~reikidb/data/174/59/reiki_honbun/a212RG00000454.html,2026-08-27
016942,北海道,羅臼町,読めた(別表から),,Ⅱa,A1,,Ⅲa,B1,羅臼町障害者控除対象者認定事務取り扱い規則,2006-01-25,2006-01-25,https://www1.g-reiki.net/rausu-town/reiki_honbun/a215RG00000308.html,2026-08-27
022021,青森県,弘前市,基準表が本文に無い,,,,,,,弘前市公印規則,2006-02-27,2025-07-30,https://en3-jg.d1-law.com/hirosaki/d1w_reiki/H418902100009/H418902100009_j.html,2026-08-27
023019,青森県,平内町,表が読めない,,,,,,,平内町障害者控除対象者認定書交付に関する要綱,2007-07-30,2007-07-30,https://en3-jg.d1-law.com/hiranai/d1w_reiki/H419902600008/H419902600008_j.html,2026-08-27
023035,青森県,今別町,読めた,要介護1,,,要介護4,,,今別町要介護認定者における障害者控除対象者認定に関する要領,2012-03-01,2015-12-28,https://www.town.imabetsu.lg.jp/gyousei/reiki/reiki_honbun/c012RG00000581.html,2026-08-27
023213,青森県,鰺ヶ沢町,読めた(本文の文章から),要介護1,Ⅱa,A1,要介護4,Ⅳ,A1,鰺ヶ沢町障害者控除対象者認定に関する取扱要綱,2003-01-31,2003-01-31,https://www.town.ajigasawa.lg.jp/reiki_int/reiki_honbun/c016RG00000932.html,2026-08-27
023230,青森県,深浦町,読めた,要介護1,Ⅱa,A1,要介護4,Ⅲa,,深浦町障害者控除対象者認定書交付に関する取扱要綱,2007-12-04,2022-03-04,https://www1.g-reiki.net/town.fukaura/reiki_honbun/r118RG00000440.html,2026-08-27
023841,青森県,鶴田町,読めた,要介護1,Ⅱa,A1,要介護4,Ⅲa,,鶴田町障害者控除対象者認定書交付に関する取扱要綱,2008-01-23,2008-01-23,https://en3-jg.d1-law.com/tsuruta/d1w_reiki/H420902500005/H420902500005_j.html,2026-08-27
023876,青森県,中泊町,読めた,要介護1,Ⅱa,A1,要介護4,Ⅲa,,中泊町障害者控除対象者認定書交付に関する取扱要綱,2007-11-30,2007-11-30,https://www.town.nakadomari.lg.jp/section/reiki_int/reiki_honbun/r114RG00000563.html,2026-08-27
024015,青森県,野辺地町,基準表が本文に無い,,,,,,,野辺地町障害者控除対象者認定書交付に関する事務取扱要綱,2008-01-31,2022-07-27,https://www1.g-reiki.net/town.noheji.aomori/reiki_honbun/c041RG00000532.html,2026-08-27
024023,青森県,七戸町,読めた,要介護1,Ⅱa,A1,要介護4,,B1,七戸町障害者控除対象者認定実施要綱,2011-12-21,2022-03-28,http://www.town.shichinohe.lg.jp/kouhou/reiki/reiki_int/reiki_honbun/r111RG00000750.html,2026-08-27
024066,青森県,横浜町,読めた,,Ⅲb,,,M,,横浜町障害者控除対象者認定書交付に関する取扱要綱,2007-11-01,2023-01-31,https://en3-jg.d1-law.com/yokohama/d1w_reiki/H419902200006.001/H419902200006.001_j.html,2026-08-27
024112,青森県,六ヶ所村,読めた,,,A1,,,B1,六ヶ所村障害者控除対象者認定書交付に関する要綱,2008-05-29,2016-03-10,https://en3-jg.d1-law.com/rokkasho/d1w_reiki/H420902200016/H420902200016_j.html,2026-08-27
024465,青森県,階上町,読めた(本文の文章から),,Ⅰ,J1,,,,階上町障害者控除対象者認定書交付要綱,2007-01-26,2022-12-28,https://www1.g-reiki.net/town.hashikami/reiki_honbun/c064RG00000636.html,2026-08-27
032069,岩手県,北上市,表が読めない,,,,,,,北上市要介護認定者等の障害者控除対象者認定規則,2010-12-09,2022-08-29,https://www1.g-reiki.net/kitakami/reiki_honbun/c107RG00000977.html,2026-08-27
032085,岩手県,遠野市,基準表が本文に無い,,,,,,,遠野市専決代決規程,2005-10-01,2026-03-31,https://www1.g-reiki.net/tono/reiki_honbun/r212RG00000062.html,2026-08-27
032115,岩手県,釜石市,基準表が本文に無い,,,,,,,釜石市事務決裁規程,1964-04-30,2025-03-11,https://www1.g-reiki.net/kamaishi/reiki_honbun/z300RG00000055.html,2026-08-27
033022,岩手県,葛巻町,読めた(本文の文章から),要介護1,Ⅱa,A1,要介護4,Ⅳ,A1,障害者控除対象者認定に関する要綱,2006-12-25,2006-12-25,https://en3-jg.d1-law.com/kuzumaki/d1w_reiki/H418902500077/H418902500077_j.html,2026-08-27
033031,岩手県,岩手町,読めた,,Ⅱa,A1,,Ⅲa,,岩手町障害者控除対象者認定要綱,2010-01-01,2020-12-17,https://www.town.iwate.iwate.jp/reiki/reiki_honbun/c117RG00000698.html,2026-08-27
033219,岩手県,紫波町,読めた,要介護1,Ⅱa,A1,要介護3,Ⅳ,C1,紫波町障害者控除対象者認定要綱,2002-04-01,2024-10-10,https://www1.g-reiki.net/town.shiwa.iwate/reiki_honbun/c122RG00000374.html,2026-08-27
034851,岩手県,普代村,読めた,,,A1,,,B1,障害者控除対象者認定書交付に関する要綱,2013-01-16,2013-01-16,https://en3-jg.d1-law.com/fudai/d1w_reiki/H425902500012/H425902500012_j.html,2026-08-27
035033,岩手県,野田村,読めた,,,A1,,,B1,障害者控除対象者認定書交付に関する要綱,2010-12-16,2016-02-29,https://www1.g-reiki.net/vill.noda.iwate/reiki_honbun/c154RG00000412.html,2026-08-27
035068,岩手県,九戸村,読めた,,,A1,,,B1,九戸村障害者控除対象者認定実施要綱,2022-02-28,2022-02-28,http://www.vill.kunohe.iwate.jp/reiki_int/reiki_honbun/c157RG00000657.html,2026-08-27
035076,岩手県,洋野町,読めた,,,A1,,,B1,洋野町障害者控除対象者認定書交付に関する要綱,2007-05-28,2016-04-01,https://en3-jg.d1-law.com/hirono-iwate/d1w_reiki/H419902500038/H419902500038_j.html,2026-08-27
041009,宮城県,仙台市,判定ランクを公表していない,,,,,,,,,,https://www.city.sendai.jp/hokatsushien/download/bunyabetsu/kore/kore/shogaisha.html,2026-08-27
042064,宮城県,白石市,読めた,,Ⅱa,A1,,Ⅳ,,白石市障害者控除対象者認定要綱,2025-12-28,2025-12-28,https://www.city.shiroishi.miyagi.jp/reiki/reiki_honbun/c207RG00001481.html,2026-08-27
042072,宮城県,名取市,読めた(本文の文章から),要介護1,,,要介護3,,,名取市障害者控除対象者認定実施要綱,2025-03-21,2025-03-21,https://www1.g-reiki.net/city.natori.miyagi/reiki_honbun/c208RG00001131.html,2026-08-27
042145,宮城県,東松島市,読めた,,Ⅱa,A1,,Ⅳ,,東松島市障害者控除対象者認定に関する要領,2006-12-01,2024-02-13,http://www.city.higashimatsushima.miyagi.jp/reiki/reiki_honbun/r122RG00000686.html,2026-08-27
042153,宮城県,大崎市,読めた,,Ⅱa,A1,,,B1,大崎市障害者控除対象者認定要綱,2009-09-10,2023-03-31,https://www.city.osaki.miyagi.jp/section/reiki/reiki_honbun/r294RG00001381.html,2026-08-27
043222,宮城県,村田町,基準表が本文に無い,,,,,,,村田町高齢者の障害者及び特別障害者の認定に関する事務取扱要綱,2002-11-21,2002-11-21,http://www.town.murata.miyagi.jp/cyosei/on-line/reiki_int/reiki_honbun/c215RG00000518.html,2026-08-27
044229,宮城県,大郷町,読めた,要介護1,,,要介護3,,,寝たきり等高齢者に関する障害者控除対象者認定要綱,2003-02-01,2022-12-26,https://www1.g-reiki.net/osato/reiki_honbun/c225RG00000695.html,2026-08-27
044245,宮城県,大衡村,読めた(本文の文章から),,Ⅰ,A1,,,,大衡村寝たきり等高齢者に関する障害者控除対象者認定要領,2004-03-01,2016-03-30,https://www1.g-reiki.net/village.ohira/reiki_honbun/c227RG00000509.html,2026-08-27
044440,宮城県,色麻町,読めた,,Ⅱa,A1,,,,色麻町障害者控除対象者認定実施要綱,2004-10-29,2019-12-12,https://public.joureikun.jp/shikama_town/reiki/act/110000249.html,2026-08-27
044458,宮城県,加美町,読めた(本文の文章から),要介護1,,,要介護3,,,加美町障害者控除対象者認定実施要綱,2005-12-01,2016-03-30,https://www.town.kami.miyagi.jp/section/reiki_int/reiki_honbun/r004RG00000602.html,2026-08-27
045055,宮城県,美里町,読めた,,Ⅱa,A1,,,B1,美里町障害者控除対象者認定に関する要綱,2018-12-17,2022-12-13,https://www1.g-reiki.net/town.misato.miyagi/reiki_honbun/r272RG00001036.html,2026-08-27
045811,宮城県,女川町,読めた,,Ⅱa,A1,,Ⅳ,,女川町ねたきり等高齢者に関する障害者控除対象者認定要領,2003-12-15,2016-03-22,https://en3-jg.d1-law.com/onagawa/d1w_reiki/H415902210031/H415902210031_j.html,2026-08-27
046060,宮城県,南三陸町,読めた,要支援2,Ⅱa,J1,要介護2,Ⅲa,B1,南三陸町高齢者に関する障害者控除対象者認定事務取扱要領,2015-12-25,2016-11-25,https://www.town.minamisanriku.miyagi.jp/section/reiki_int/reiki_honbun/r231RG00000851.html,2026-08-27
052124,秋田県,大仙市,読めた,,Ⅱa,A1,,Ⅳ,C1,大仙市障害者控除対象者の認定に関する規則,2007-12-01,2019-04-01,https://www.city.daisen.lg.jp/reiki/reiki_honbun/r154RG00001404.html,2026-08-27
052159,秋田県,仙北市,読めた,,Ⅱa,A1,,Ⅳ,,仙北市障害者控除対象者認定書交付に関する要綱,2007-11-29,2007-11-29,https://www.city.semboku.akita.jp/reiki/H419902500083/H419902500083_j.html,2026-08-27
053465,秋田県,藤里町,読めた,,Ⅱa,A1,,Ⅲa,,藤里町障害者控除対象者認定要領,2019-02-01,2019-02-01,https://www1.g-reiki.net/town.fujisato.akita/reiki_honbun/c324RG00000476.html,2026-08-27
053481,秋田県,三種町,読めた,,,A1,,Ⅲa,,三種町老齢者の障害者控除対象者認定に関する規程,2006-03-20,2021-11-25,https://www1.g-reiki.net/town.mitane/reiki_honbun/r240RG00000152.html,2026-08-27
053619,秋田県,五城目町,読めた,,Ⅱa,A1,,Ⅲa,,五城目町高齢者に係る障害者控除対象者認定事務取扱要綱,2002-11-29,2007-12-25,https://www1.g-reiki.net/town.gojome.akita/reiki_honbun/c326RG00000297.html,2026-08-27
054348,秋田県,美郷町,読めた,,Ⅱa,A1,,Ⅳ,,美郷町障害者控除対象者認定書交付に関する要綱,2007-11-28,2019-05-01,https://www1.g-reiki.net/town.misato.akita/reiki_honbun/r409RG00000576.html,2026-08-27
062065,山形県,寒河江市,基準表が本文に無い,,,,,,,寒河江市福祉事務所長委任規則,1973-08-29,2024-03-29,https://en3-jg.d1-law.com/sagae/d1w_reiki/H348902100010/H348902100010_j.html,2026-08-27
063029,山形県,中山町,基準表が本文に無い,,,,,,,中山町障害者控除対象者認定要綱,2016-09-26,2017-08-22,https://www.town.nakayama.yamagata.jp/section/reiki/reiki_honbun/c416RG00000888.html,2026-08-27
063223,山形県,西川町,読めた(別表から),要介護1,,,,,,西川町要介護認定者の障害者控除対象者認定に関する要綱,2010-01-01,2010-01-01,https://www1.g-reiki.net/town.nishikawa.yamagata/reiki_honbun/c418RG00000577.html,2026-08-27
063631,山形県,舟形町,読めた,,Ⅱb,,,M,,舟形町障害者控除対象者認定に関する規則,2007-12-14,2007-12-14,https://www1.g-reiki.net/funagata/reiki_honbun/x200RG00000692.html,2026-08-27
063819,山形県,高畠町,読めた,,Ⅱa,A1,,Ⅳ,C1,高畠町要介護認定者等の障害者控除対象者認定書交付規程,2024-12-11,2024-12-11,https://www.town.takahata.yamagata.jp/reiki/H506902500230/H506902500230_j.html,2026-08-27
072010,福島県,福島市,基準表が本文に無い,,,,,,,福島市行政組織規則,2003-03-28,2026-03-31,https://en3-jg.d1-law.com/fukushima/d1w_reiki/H415902100012/H415902100012_j.html,2026-08-27
072036,福島県,郡山市,基準表が本文に無い,,,,,,,郡山市福祉事務所設置条例施行規則,1989-09-11,2026-03-25,https://www1.g-reiki.net/koriyama/reiki_honbun/c504RG00000241.html,2026-08-27
072052,福島県,白河市,読めた,,Ⅲa,A1,,,,白河市介護保険要介護等認定者に対する障害者控除対象者に準ずる認定に関する規程,2006-11-29,2019-12-09,http://www.city.shirakawa.fukushima.jp/shirakawa/contents/reiki/H418902200007/H418902200007_j.html,2026-08-27
072133,福島県,伊達市,読めた,,Ⅳ,,,,,伊達市要介護認定等高齢者に係る障害者控除対象者認定に関する要綱,2008-08-01,2024-03-22,https://en3-jg.d1-law.com/date/d1w_reiki/H420902500076/H420902500076_j.html,2026-08-27
073032,福島県,国見町,読めた,要介護3,Ⅱa,A1,,Ⅳ,,国見町障害者控除対象者認定実施要綱,2002-12-24,2025-04-01,https://www1.g-reiki.net/town.kunimi.fukushima/reiki_honbun/c514RG00001143.html,2026-08-27
073083,福島県,川俣町,読めた,,Ⅱb,A1,,Ⅲa,,老齢者の所得税法施行令等に基づく障害者控除にかかる認定書交付要綱,2009-12-01,2009-12-01,https://www1.g-reiki.net/kawamata/reiki_honbun/c519RG00000763.html,2026-08-27
073687,福島県,南会津町,読めた(本文の文章から),,,,要介護1,,,南会津町老齢者の所得税法上の障害者控除対象者認定事務処理要綱,2006-03-20,2023-06-30,https://www1.g-reiki.net/minamiaizu/reiki_honbun/r298RG00000656.html,2026-08-27
074021,福島県,北塩原村,読めた,,,J1,,Ⅲa,B1,北塩原村要介護者に対する障害者控除認定事務取扱要綱,2021-12-01,2021-12-01,https://en3-jg.d1-law.com/kitashiobara/d1w_reiki/H503902200020/H503902200020_j.html,2026-08-27
074071,福島県,磐梯町,読めた,,,J1,,Ⅲa,B1,磐梯町要介護者に対する障害者控除認定事務取扱要綱,2007-11-01,2007-11-01,https://www.town.bandai.fukushima.jp/data/reiki_int/reiki_honbun/c545RG00000566.html,2026-08-27
074217,福島県,会津坂下町,読めた,,Ⅲa,B1,,,,会津坂下町障害者控除対象者認定要綱,2012-11-09,2016-03-25,https://www1.g-reiki.net/town.aizubange/reiki_honbun/c547RG00000474.html,2026-08-27
074225,福島県,湯川村,読めた,,Ⅰ,J1,,,B1,湯川村要介護者に対する障害者控除対象者認定事務取扱要綱,2022-12-28,2022-12-28,https://en3-jg.d1-law.com/yugawa/d1w_reiki/H504902500072/H504902500072_j.html,2026-08-27
074616,福島県,西郷村,読めた,,,J1,要介護3,Ⅲa,A1,西郷村要介護等認定者の障害者控除に係る障害認定に関する基準,2002-12-01,2017-12-01,https://www1.g-reiki.net/vill.nishigo/reiki_honbun/c557RG00000654.html,2026-08-27
074667,福島県,矢吹町,読めた,,,J1,要介護3,Ⅲa,A1,介護保険法により要介護認定及び要支援認定を受けた者の障害者控除に係る障害認定に関する基準,2002-11-29,2021-03-23,https://en3-jg.d1-law.com/yabuki/d1w_reiki/H414909201129A/H414909201129A_j.html,2026-08-27
075027,福島県,玉川村,読めた,,Ⅰ,A1,,Ⅰ,B1,要介護等認定者に係る所得税法上の障害者控除の認定取扱要綱,2002-12-10,2010-03-26,https://www.vill.tamakawa.fukushima.jp/reiki_int/reiki_honbun/c569RG00000379.html,2026-08-27
075035,福島県,平田村,読めた,,Ⅰ,A1,,Ⅰ,B1,要介護等認定者に係る所得税法上の障害者控除の認定取扱要綱,2002-12-25,2020-03-10,https://www1.g-reiki.net/vill.hirata.fukushima/reiki_honbun/c570RG00000523.html,2026-08-27
075043,福島県,浅川町,読めた,,Ⅰ,J1,,Ⅰ,J1,要介護等認定者に係る所得税法上の障害者控除の認定取扱要綱,2023-02-03,2023-02-03,http://www.town.asakawa.fukushima.jp/reiki/reiki_honbun/c571RG00000782.html,2026-08-27
075051,福島県,古殿町,読めた,,Ⅰ,A1,,Ⅳ,B1,要介護認定者に係る所得税法上の障害者控除の認定取扱要綱,2002-11-28,2026-02-17,https://www.town.furudono.fukushima.jp/reiki_int/reiki_honbun/c572RG00000410.html,2026-08-27
075213,福島県,三春町,基準表が本文に無い,,,,,,,要介護認定者に係る障害者控除対象者の認定等に関する基準,2002-12-01,2002-12-01,https://www1.g-reiki.net/town.miharu.fukushima/reiki_honbun/c573RG00000655.html,2026-08-27
075418,福島県,広野町,読めた(本文の文章から),,,,,Ⅱa,A1,広野町介護保険要介護等認定者に対する障害者控除対象者に準ずる認定に関する要綱,2007-12-01,2015-11-30,https://en3-jg.d1-law.com/hirono/d1w_reiki/H419902200023/H419902200023_j.html,2026-08-27
075451,福島県,大熊町,読めた,要介護1,,B1,要介護3,Ⅲa,,大熊町要介護認定者に係る障害者控除対象者に準ずる認定要綱,2018-12-11,2018-12-11,https://www.town.okuma.fukushima.jp/reikishu/reiki_honbun/c584RG00000540.html,2026-08-27
075469,福島県,双葉町,読めた,要介護1,Ⅱa,A1,要介護4,,B1,双葉町要介護認定者の障害者控除対象者の認定に関する要綱,2017-11-24,2025-10-01,https://www1.g-reiki.net/futaba/reiki_honbun/c585RG00000758.html,2026-08-27
075477,福島県,浪江町,読めた,要介護1,M,A1,要介護4,M,,浪江町障害者控除対象者認定要綱,2004-11-10,2007-03-01,https://www1.g-reiki.net/town.namie.fukushima/reiki_honbun/c586RG00000463.html,2026-08-27
075485,福島県,葛尾村,読めた,要介護1,Ⅱa,A1,要介護4,Ⅳ,,葛尾村障害者控除対象者認定要綱,2004-12-01,2022-01-13,https://en3-jg.d1-law.com/katsurao/d1w_reiki/H416902200018/H416902200018_j.html,2026-08-27
075647,福島県,飯舘村,読めた,,Ⅱa,A1,,,B1,飯舘村障害者控除対象者認定書交付に関する要綱,2010-12-01,2010-12-01,https://www1.g-reiki.net/vill.iitate/reiki_honbun/c591RG00000442.html,2026-08-27
082040,茨城県,古河市,読めた(本文の文章から),,Ⅰ,J1,,,,古河市障害者控除対象者認定に関する規則,2005-09-12,2021-03-30,https://www1.g-reiki.net/koga/reiki_honbun/r380RG00000448.html,2026-08-27
082058,茨城県,石岡市,読めた,,Ⅱa,A1,,Ⅲa,,石岡市障害者控除対象者認定書交付に関する要綱,2007-03-01,2022-03-10,https://www1.g-reiki.net/isioka.city/reiki_honbun/r310RG00000903.html,2026-08-27
082074,茨城県,結城市,基準表が本文に無い,,,,,,,結城市証明書交付事務等における本人確認事務取扱要項,2009-02-19,2025-12-26,https://www1.g-reiki.net/yuki/reiki_honbun/e008RG00000717.html,2026-08-27
082082,茨城県,龍ケ崎市,読めた(本文の文章から),,,,,Ⅱa,A1,龍ケ崎市障害者控除対象者認定書交付に関する要綱,2002-12-18,2025-03-18,https://www1.g-reiki.net/ryugasaki/reiki_honbun/e009RG00000607.html,2026-08-27
082104,茨城県,下妻市,読めた,,Ⅰ,J1,,Ⅲa,B1,下妻市障害者控除対象者認定書交付に関する要項,2002-11-25,2021-03-30,https://www.city.shimotsuma.lg.jp/reiki_int/reiki_honbun/e010RG00000638.html,2026-08-27
082112,茨城県,常総市,読めた,,Ⅱa,,,Ⅲa,,常総市障害者控除対象者認定規則,2002-12-25,2019-12-27,https://www1.g-reiki.net/joso/reiki_honbun/r251RG00000357.html,2026-08-27
082121,茨城県,常陸太田市,読めた,,Ⅰ,J1,,,,常陸太田市精神又は身体に障害のある年齢６５歳以上の者に対する障害者控除対象者認定実施要項,2002-12-06,2022-03-31,http://www.city.hitachiota.ibaraki.jp/data/reiki/reiki_honbun/e012RG00000602.html,2026-08-27
082155,茨城県,北茨城市,読めた,,Ⅱa,,,Ⅲa,,北茨城市障害者控除対象者認定事務取扱要綱,2024-03-29,2024-03-29,https://www.city.kitaibaraki.lg.jp/reiki_int/reiki_honbun/e014RG00001073.html,2026-08-27
082163,茨城県,笠間市,読めた(本文の文章から),,Ⅱa,A1,,Ⅳ,B1,笠間市障害者控除対象者の認定に関する要綱,2006-12-26,2016-03-31,https://www.city.kasama.lg.jp/reiki/reiki_honbun/r358RG00000816.html,2026-08-27
082171,茨城県,取手市,基準表が本文に無い,,,,,,,取手市障害者控除対象者認定事務の処理に関する規程,2002-08-30,2022-03-23,http://reiki.city.toride.ibaraki.jp/reiki_honbun/e016RG00000646.html,2026-08-27
082198,茨城県,牛久市,読めた(本文の文章から),,,,,Ⅲa,B1,牛久市障害者控除対象者の認定事務処理に関する規則,2003-01-21,2025-12-12,https://www.city.ushiku.lg.jp/d1w_reiki/reiki_honbun/z500RG00000573.html,2026-08-27
082201,茨城県,つくば市,基準表が本文に無い,,,,,,,つくば市事務決裁規程,1988-07-13,2026-03-31,https://www1.g-reiki.net/tsukuba/reiki_honbun/e019RG00000052.html,2026-08-27
082228,茨城県,鹿嶋市,読めた(別表から),,,,,,A1,鹿嶋市要介護認定者に係る障害者控除対象者認定に関する規則,2006-12-22,2021-09-14,https://www.city.kashima.ibaraki.jp/13reiki/reiki_honbun/e021RG00000652.html,2026-08-27
082236,茨城県,潮来市,読めた,,,A1,,,B1,潮来市障害者控除対象者認定実施要綱,2013-01-04,2023-03-31,https://www.city.itako.lg.jp/reiki_int/reiki_honbun/e053RG00000786.html,2026-08-27
082244,茨城県,守谷市,読めた,要支援1,Ⅱa,J2,,Ⅲa,B1,守谷市障害者控除対象者認定書交付に関する要綱,2002-09-20,2021-04-22,https://www1.g-reiki.net/city.moriya/reiki_honbun/e084RG00000557.html,2026-08-27
082252,茨城県,常陸大宮市,読めた,,Ⅰ,J1,,,,常陸大宮市障害者控除対象者認定事務の処理に関する規程,2002-11-21,2021-09-30,https://www.city.hitachiomiya.lg.jp/reiki_int/reiki_honbun/r064RG00000498.html,2026-08-27
082261,茨城県,那珂市,読めた(本文の文章から),,Ⅰ,J1,,,,那珂市障害者控除対象者認定書交付事務に関する要項,2003-11-26,2021-04-01,https://www1.g-reiki.net/naka/reiki_honbun/r089RG00000550.html,2026-08-27
082279,茨城県,筑西市,読めた(別表から),要介護1,,,,,,筑西市身体障害者福祉法施行細則,2005-03-28,2017-03-01,https://www1.g-reiki.net/city.chikusei/reiki_honbun/r156RG00000556.html,2026-08-27
082287,茨城県,坂東市,基準表が本文に無い,,,,,,,坂東市障害者控除対象者認定書交付に関する要綱,2005-03-22,2021-03-31,https://www.city.bando.lg.jp/data/reiki/reiki_honbun/r155RG00000172.html,2026-08-27
082295,茨城県,稲敷市,基準表が本文に無い,,,,,,,稲敷市障害者控除対象者認定事務の処理に関する要綱,2005-03-22,2022-03-29,https://www.city.inashiki.lg.jp/reiki_int/reiki_honbun/r168RG00000156.html,2026-08-27
082317,茨城県,桜川市,読めた(別表から),,,,,Ⅰ,J1,桜川市障害者控除対象者認定事務取扱要領,2006-11-29,2022-03-29,https://www.city.sakuragawa.lg.jp/gyousei/reiki_int/reiki_honbun/r211RG00000603.html,2026-08-27
082325,茨城県,神栖市,基準表が本文に無い,,,,,,,神栖市障害者控除対象者認定書交付に関する要項,2003-02-14,2020-12-16,https://www1.g-reiki.net/city.kamisu/reiki_honbun/r216RG00000327.html,2026-08-27
082333,茨城県,行方市,読めた,要介護1,Ⅱa,,要介護4,Ⅲa,,行方市要介護認定者等の所得税法上の障害者控除に関する事務取扱要綱,2007-03-01,2025-02-25,https://www.city.namegata.ibaraki.jp/gyousei/reiki/reiki_int/reiki_honbun/r228RG00000682.html,2026-08-27
082341,茨城県,鉾田市,読めた,,Ⅰ,J1,,,,鉾田市障害者控除対象者認定事務の処理に関する要綱,2008-12-26,2008-12-26,http://www.city.hokota.lg.jp/reiki_int/reiki_honbun/r229RG00000789.html,2026-08-27
082350,茨城県,つくばみらい市,読めた,,,A1,,,B1,つくばみらい市障害者控除対象者認定実施要綱,2006-03-27,2016-03-31,https://www.city.tsukubamirai.lg.jp/reiki_int/reiki_honbun/r339RG00000246.html,2026-08-27
082368,茨城県,小美玉市,表が読めない,,,,,,,小美玉市障害者控除対象者の認定に関する要綱,2006-03-27,2023-06-08,https://www.city.omitama.lg.jp/reiki_int/reiki_honbun/r357RG00000393.html,2026-08-27
083020,茨城県,茨城町,表が読めない,,,,,,,茨城町障害者控除対象者認定書交付に関する要綱,2002-12-11,2023-03-23,https://www.town.ibaraki.lg.jp/reiki_int/reiki_honbun/e022RG00000446.html,2026-08-27
083097,茨城県,大洗町,表が読めない,,,,,,,大洗町障害者控除対象者認定書交付に関する要綱,2003-04-30,2021-03-30,https://www1.g-reiki.net/town.oarai/reiki_honbun/e029RG00000429.html,2026-08-27
083411,茨城県,東海村,読めた(本文の文章から),,Ⅰ,,,,,東海村障害者控除対象者認定実施要綱,2002-12-03,2024-07-30,https://www1.g-reiki.net/tokai/reiki_honbun/e034RG00000639.html,2026-08-27
084433,茨城県,阿見町,基準表が本文に無い,,,,,,,阿見町障害者控除対象者認定規則,2010-03-19,2025-03-28,https://www1.g-reiki.net/town.ami/reiki_honbun/e058RG00000375.html,2026-08-27
084476,茨城県,河内町,基準表が本文に無い,,,,,,,河内町障害者控除対象者認定事務の処理に関する要綱,2002-11-15,2020-11-13,https://www1.g-reiki.net/town.ibaraki-kawachi/reiki_honbun/e061RG00000731.html,2026-08-27
085219,茨城県,八千代町,読めた,,Ⅰ,J1,,Ⅲa,B1,八千代町障害者控除対象者認定書交付に関する要綱,2007-06-15,2007-06-15,https://en3-jg.d1-law.com/yachiyo/d1w_reiki/H419902200015/H419902200015_j.html,2026-08-27
085421,茨城県,五霞町,読めた,,Ⅱa,J1,,,,五霞町障害者控除対象者認定書交付に関する要綱,2003-01-20,2022-03-25,https://www1.g-reiki.net/goka/reiki_honbun/e080RG00000292.html,2026-08-27
085464,茨城県,境町,読めた,,Ⅰ,J1,,Ⅲa,B1,境町障害者控除対象者認定書交付に関する要綱,2003-01-17,2003-01-17,https://en3-jg.d1-law.com/sakai/d1w_reiki/H415902500002/H415902500002_j.html,2026-08-27
085642,茨城県,利根町,読めた,,,,,Ⅲa,B1,利根町障害者控除対象者認定事務の処理に関する要綱,2002-10-31,2023-03-31,http://www.town.tone.ibaraki.jp/gyousei/reiki_int/reiki_honbun/e086RG00000431.html,2026-08-27
092142,栃木県,さくら市,読めた,,,J1,,,B1,さくら市障害者控除対象者認定実施要綱,2007-09-01,2013-01-16,https://en3-jg.d1-law.com/sakura-tochigi/d1w_reiki/H419902500098/H419902500098_j.html,2026-08-27
092169,栃木県,下野市,読めた(本文の文章から),,Ⅱa,A1,,Ⅳ,,下野市要介護認定者等に係る障害者控除対象者認定取扱要綱,2009-12-28,2026-01-16,https://www.city.shimotsuke.lg.jp/statics/reiki_int/reiki_honbun/r295RG00000993.html,2026-08-27
093017,栃木県,上三川町,読めた,,Ⅱa,A1,,Ⅲa,,上三川町障がい者控除対象者認定事務取扱要綱,2007-12-27,2019-12-27,https://www.town.kaminokawa.lg.jp/reiki_int/reiki_honbun/e114RG00000657.html,2026-08-27
093424,栃木県,益子町,読めた,,Ⅱa,A1,,,B1,益子町障害者控除対象者認定書交付要綱,2019-09-24,2019-09-24,http://www.town.mashiko.tochigi.jp/reiki_int/reiki_honbun/e122RG00000797.html,2026-08-27
093441,栃木県,市貝町,読めた,,Ⅱa,A1,,,B1,市貝町障害者控除対象者認定書交付要綱,2014-11-21,2025-02-28,https://www.town.ichikai.tochigi.jp/div/admin/htm/reiki/reiki_honbun/e124RG00000666.html,2026-08-27
093459,栃木県,芳賀町,読めた,,Ⅱa,A1,,,B1,芳賀町障害者控除対象者認定事務取扱要綱,2015-02-23,2015-02-23,https://en3-jg.d1-law.com/haga/d1w_reiki/H427902500026/H427902500026_j.html,2026-08-27
093645,栃木県,野木町,読めた,,Ⅰ,J1,,,,野木町障がい者控除対象者認定要綱,2008-01-04,2026-02-03,https://en3-jg.d1-law.com/nogi/d1w_reiki/H420902500001/H420902500001_j.html,2026-08-27
093866,栃木県,高根沢町,読めた,,Ⅱa,A1,,,B1,高根沢町障害者控除対象者認定書交付要綱,2013-01-18,2016-01-29,https://www1.g-reiki.net/town.takanezawa/reiki_honbun/e138RG00000860.html,2026-08-27
094111,栃木県,那珂川町,読めた(別表から),要介護1,Ⅰ,J1,,,,那珂川町要介護認定者障害者控除取扱要綱,2005-10-01,2025-01-20,https://www1.g-reiki.net/nakagawa/reiki_honbun/r215RG00000310.html,2026-08-27
102032,群馬県,桐生市,読めた,,Ⅱa,A1,,,,桐生市要介護認定者の障害者控除対象者の認定に関する要領,2002-10-01,2002-10-01,https://www1.g-reiki.net/city.kiryu/reiki_honbun/e204RG00001092.html,2026-08-27
102091,群馬県,藤岡市,読めた,,Ⅱa,A1,,Ⅲa,,藤岡市障害者控除対象者認定要綱,2007-10-15,2023-09-29,https://www1.g-reiki.net/fujioka/reiki_honbun/e210RG00000984.html,2026-08-27
103454,群馬県,吉岡町,読めた,,Ⅱa,A1,,Ⅲa,B1,吉岡町高齢者の障害者控除対象者認定書交付に関する要綱,2008-12-01,2020-11-30,https://www1.g-reiki.net/yoshioka/reiki_honbun/e230RG00000548.html,2026-08-27
103667,群馬県,上野村,読めた,,Ⅲa,B1,,Ⅳ,,上野村障害者控除対象者認定要綱,2010-12-01,2010-12-01,https://www1.g-reiki.net/uenomura/reiki_honbun/e236RG00000382.html,2026-08-27
103675,群馬県,神流町,読めた,,Ⅲa,B1,,Ⅳ,,神流町障害者控除対象者認定要綱,2009-12-18,2026-03-12,https://www1.g-reiki.net/kanna/reiki_honbun/r008RG00000568.html,2026-08-27
103829,群馬県,下仁田町,読めた,要介護1,Ⅱa,A1,要介護4,Ⅳ,,下仁田町障害者控除対象者認定に関する取扱要綱,2014-01-10,2014-01-10,https://www.town.shimonita.lg.jp/html/reiki_int/reiki_honbun/e238RG00000753.html,2026-08-27
103845,群馬県,甘楽町,読めた(本文の文章から),要介護1,Ⅱa,A1,要介護4,Ⅳ,A1,甘楽町障害者控除対象者認定に関する取扱要綱,2010-12-15,2011-02-25,https://www1.g-reiki.net/kanra/reiki_honbun/e240RG00000625.html,2026-08-27
104256,群馬県,嬬恋村,読めた,,,A1,,,B1,障害者控除対象者認定書交付に関する要綱,2007-03-01,2007-03-01,https://www.vill.tsumagoi.gunma.jp/reiki_int/reiki_honbun/e246RG00000436.html,2026-08-27
104281,群馬県,高山村,基準表が本文に無い,,,,,,,高山村介護保険事務取扱要領,2009-12-14,2023-09-15,https://www1.g-reiki.net/takayama/reiki_honbun/e249RG00000556.html,2026-08-27
104434,群馬県,片品村,読めた,,Ⅱa,A1,,Ⅲa,B1,片品村障害者控除対象者認定事務取扱要綱,2011-02-25,2023-02-22,http://www.vill.katashina.gunma.jp/reiki/H423902600001/H423902600001_j.html,2026-08-27
104485,群馬県,昭和村,読めた,要介護1,,A1,要介護1,Ⅲa,B1,昭和村障害者控除対象者認定事務取扱要領,2007-03-23,2022-03-17,https://www1.g-reiki.net/gunma-showa/reiki_honbun/e257RG00000465.html,2026-08-27
105210,群馬県,板倉町,読めた,,,B1,,,B1,板倉町障害者控除対象者認定要綱,2004-12-20,2024-03-26,https://www1.g-reiki.net/town.itakura.gunma/reiki_honbun/e267RG00000418.html,2026-08-27
105236,群馬県,千代田町,読めた,,,B1,,Ⅲa,,千代田町要介護認定者の障害者控除対象者認定事務処理要綱,2004-12-01,2004-12-01,http://www.town.chiyoda.gunma.jp/reiki/reiki_honbun/e269RG00000403.html,2026-08-27
105244,群馬県,大泉町,読めた,,,,,Ⅲa,B1,大泉町要介護認定者の障害者控除対象者認定事務処理要綱,2004-10-26,2004-10-26,https://www1.g-reiki.net/oizumi/reiki_honbun/e270RG00000481.html,2026-08-27
111007,埼玉県,さいたま市,判定ランクを公表していない,,,,,,,,,,https://www.city.saitama.lg.jp/007/007/007/p002688.html,2026-08-27
112241,埼玉県,戸田市,基準表が本文に無い,,,,,,,戸田市要介護度による所得税等の障害者控除等対象者認定書の交付に関する事務処理要領,2003-01-30,2024-03-13,https://www1.g-reiki.net/toda/reiki_honbun/e325RG00001157.html,2026-08-27
112275,埼玉県,朝霞市,読めた(別表から),要支援2,,,,,,朝霞市障害者控除対象者認定取扱要領,2025-03-03,2025-03-03,https://www1.g-reiki.net/asaka/reiki_honbun/b000RG00001110.html,2026-08-27
112291,埼玉県,和光市,読めた,,Ⅲa,B1,,Ⅳ,C1,和光市要介護認定者等に係る障害者控除対象者認定要綱,2011-01-21,2021-10-28,https://www1.g-reiki.net/wako/reiki_honbun/e330RG00000633.html,2026-08-27
112305,埼玉県,新座市,読めた,,Ⅱa,A2,,,B1,新座市要介護認定者等に係る障がい者控除対象者認定要綱,2013-12-24,2013-12-24,https://www1.g-reiki.net/niiza/reiki_honbun/s400RG00001011.html,2026-08-27
112356,埼玉県,富士見市,基準表が本文に無い,,,,,,,富士見市公印規則,1986-09-01,2026-03-31,https://www1.g-reiki.net/fujimi/reiki_honbun/e336RG00000060.html,2026-08-27
112372,埼玉県,三郷市,読めた,,Ⅱa,A1,,Ⅲa,,三郷市障害者控除対象者認定要綱,2018-09-25,2018-09-25,https://www1.g-reiki.net/misato/reiki_honbun/z600RG00001109.html,2026-08-27
112402,埼玉県,幸手市,基準表が本文に無い,,,,,,,幸手市障害者控除対象者認定事務取扱要綱,2011-09-29,2022-07-12,https://www.city.satte.lg.jp/section/reikisyu/reiki_honbun/e341RG00001003.html,2026-08-27
112411,埼玉県,鶴ヶ島市,読めた,,Ⅱa,A1,,Ⅳ,B1,鶴ヶ島市障害者控除対象者認定要綱,2003-01-30,2018-12-25,https://en3-jg.d1-law.com/tsurugashima/d1w_reiki/H415902500249/H415902500249_j.html,2026-08-27
112429,埼玉県,日高市,読めた,,,,要介護1,Ⅳ,B1,日高市要介護認定者に係る障害者認定取扱要領,2019-03-29,2022-12-28,https://en3-jg.d1-law.com/hidaka/d1w_reiki/H431909150329A/H431909150329A_j.html,2026-08-27
113247,埼玉県,三芳町,基準表が本文に無い,,,,,,,三芳町障害者控除対象者認定要綱,2007-12-25,2024-12-27,https://www1.g-reiki.net/saitama-miyoshi/reiki_honbun/e348RG00000795.html,2026-08-27
113417,埼玉県,滑川町,読めた(本文の文章から),,,,要介護4,Ⅳ,J1,滑川町特別障害者に準ずる障害者等の認定に関する要綱,2011-11-11,2025-10-31,https://en3-jg.d1-law.com/namegawa/d1w_reiki/H423902300161/H423902300161_j.html,2026-08-27
113425,埼玉県,嵐山町,読めた,,Ⅲa,,,Ⅳ,B1,嵐山町障害者控除対象者認定に関する要綱,2009-07-01,2009-07-01,https://en3-jg.d1-law.com/ranzan/d1w_reiki/H421902500159/H421902500159_j.html,2026-08-27
113468,埼玉県,川島町,読めた,,,A1,要介護4,,,川島町障害者控除対象者の認定に関する要綱,2010-12-20,2018-03-30,https://www.town.kawajima.saitama.jp/reiki_int/reiki_honbun/e357RG00000584.html,2026-08-27
113476,埼玉県,吉見町,読めた,,Ⅱa,B1,,Ⅳ,,吉見町障害者控除対象者認定要綱,2007-12-25,2016-03-31,https://www1.g-reiki.net/town.yoshimi/reiki_honbun/e358RG00000569.html,2026-08-27
113611,埼玉県,横瀬町,読めた,,Ⅲa,J2,,Ⅳ,A1,横瀬町介護保険制度における障害者控除対象者の認定に関する要綱,2020-10-26,2020-10-26,https://www1.g-reiki.net/yokoze/reiki_honbun/e360RG00000921.html,2026-08-27
113654,埼玉県,小鹿野町,読めた,要介護1,Ⅲa,A1,要介護1,Ⅳ,,小鹿野町介護保険制度における障害者控除対象者の認定に関する要綱,2025-10-29,2025-10-29,https://www.town.ogano.lg.jp/reiki_int/reiki_honbun/r232RG00001372.html,2026-08-27
113832,埼玉県,神川町,読めた(本文の文章から),,,,要介護2,,,神川町介護保険要介護認定者に対する障害者控除対象者に準ずる認定に関する要綱,2006-01-01,2014-09-05,https://en3-jg.d1-law.com/kamikawa/d1w_reiki/H418902200067/H418902200067_j.html,2026-08-27
113859,埼玉県,上里町,読めた(本文の文章から),,,,要介護2,,,上里町介護保険要介護認定者に対する障害者控除対象者に準ずる認定に関する事務取扱要綱,2003-01-28,2014-02-04,http://www.town.kamisato.saitama.jp/d1w_reiki/H415902300007/H415902300007_j.html,2026-08-27
114642,埼玉県,杉戸町,読めた(別表から),,,,要介護1,,,杉戸町要介護（支援）認定者の障害者控除認定基準要領,2007-01-05,2019-09-11,https://www1.g-reiki.net/sugito/reiki_honbun/e391RG00000809.html,2026-08-27
121002,千葉県,千葉市,判定ランクを公表していない,,,,,,,,,,https://www.city.chiba.jp/hokenfukushi/koreishogai/korei/shougaishanintei.html,2026-08-27
122041,千葉県,船橋市,判定ランクを公表していない,,,,,,,,,,https://www.city.funabashi.lg.jp/kenkou/koureisha/002/p001788.html,2026-08-27
122068,千葉県,木更津市,読めた,要介護1,,,要介護3,Ⅲa,C1,木更津市障害者控除対象者認定取扱要綱,2006-12-01,2021-12-13,https://www1.g-reiki.net/city.kisarazu/reiki_honbun/g007RG00001030.html,2026-08-27
122106,千葉県,茂原市,読めた,,Ⅱa,,,Ⅳ,,茂原市障害者控除対象者認定に関する要綱,2022-12-28,2024-12-10,https://www1.g-reiki.net/city.mobara.chiba/reiki_honbun/n800RG00000694.html,2026-08-27
122157,千葉県,旭市,読めた,要介護1,Ⅱa,A1,要介護4,,B1,旭市障害者控除対象者の認定に関する要綱,2021-12-16,2021-12-16,https://www1.g-reiki.net/city.asahi/reiki_honbun/r197RG00001320.html,2026-08-27
122165,千葉県,習志野市,基準表が本文に無い,,,,,,,習志野市決裁規程,1966-08-01,2026-03-31,https://www1.g-reiki.net/narashino/reiki_honbun/l000RG00000056.html,2026-08-27
122181,千葉県,勝浦市,読めた,,Ⅲb,,,M,,勝浦市障害者控除対象者認定に関する規則,2007-11-21,2022-03-28,https://www.city.katsuura.lg.jp/reiki/reiki_int/reiki_honbun/g019RG00000757.html,2026-08-27
122190,千葉県,市原市,読めた,,Ⅲb,,,M,,市原市障害者控除対象者認定に関する規則,2006-12-26,2025-08-06,https://www1.g-reiki.net/city.ichihara.chiba/reiki_honbun/g020RG00000905.html,2026-08-27
122246,千葉県,鎌ケ谷市,読めた,,,A1,,,B1,鎌ケ谷市障害者控除対象者認定取扱要綱,2020-10-20,2020-10-20,https://www1.g-reiki.net/city.kamagaya/reiki_honbun/g025RG00000851.html,2026-08-27
122270,千葉県,浦安市,読めた(文章),,,,,Ⅰ,C1,,,,https://www.city.urayasu.lg.jp/fukushi/koureisha/hoken/1040862.html,2026-08-27
122327,千葉県,白井市,読めた,,Ⅱa,A1,,Ⅲa,B1,白井市障害者控除対象者の認定に関する要綱,2020-07-01,2021-12-28,https://www1.g-reiki.net/shiroi/reiki_honbun/g038RG00000713.html,2026-08-27
122343,千葉県,南房総市,表が読めない,,,,,,,南房総市介護保険制度における障害者控除対象者認定要綱,2010-03-17,2019-01-25,https://www1.g-reiki.net/minamiboso/reiki_honbun/r361RG00000875.html,2026-08-27
122351,千葉県,匝瑳市,読めた,,Ⅱa,A1,,Ⅳ,,匝瑳市障害者控除対象者認定書交付に関する要綱,2007-12-28,2024-11-15,https://www1.g-reiki.net/sosa/reiki_honbun/r325RG00000567.html,2026-08-27
122360,千葉県,香取市,読めた,要介護1,Ⅱa,A1,要介護4,Ⅱa,,香取市要介護認定者に係る障害者控除対象者認定書交付要綱,2007-09-25,2021-12-17,https://www1.g-reiki.net/city.katori/reiki_honbun/u415RG00000599.html,2026-08-27
122378,千葉県,山武市,読めた,,Ⅱa,,,Ⅳ,,山武市障害者控除対象者認定に関する要綱,2007-11-21,2021-08-31,https://www1.g-reiki.net/city.sammu/reiki_honbun/r337RG00000679.html,2026-08-27
123226,千葉県,酒々井町,読めた,,Ⅱa,A1,,Ⅳ,,酒々井町要介護認定者に係る障害者控除対象者認定書交付要綱,2025-09-03,2025-09-03,https://www1.g-reiki.net/shisui/reiki_honbun/g035RG00000699.html,2026-08-27
123293,千葉県,栄町,読めた,,Ⅱa,A1,,Ⅲa,,栄町障害者控除対象者認定書交付要綱,2006-11-30,2006-11-30,http://www.town.sakae.chiba.jp/reiki/reiki_honbun/g040RG00000532.html,2026-08-27
123421,千葉県,神崎町,読めた,,Ⅱa,A1,,Ⅲa,,神崎町障害者控除対象者認定書交付要綱,2007-10-03,2007-10-03,https://www1.g-reiki.net/kozaki/reiki_honbun/g042RG00000354.html,2026-08-27
123471,千葉県,多古町,読めた,,,A1,,,B1,多古町障害者控除対象者認定書交付に関する要綱,2007-01-17,2023-01-18,https://www1.g-reiki.net/town.tako.chiba/reiki_honbun/g047RG00000398.html,2026-08-27
123498,千葉県,東庄町,読めた,要介護1,Ⅱa,A1,要介護4,Ⅱa,,東庄町要介護認定者に係る障害者控除対象者認定書交付要綱,2007-12-28,2017-12-08,https://www1.g-reiki.net/tohnosho/reiki_honbun/g049RG00000489.html,2026-08-27
124109,千葉県,横芝光町,読めた,,Ⅱa,,,Ⅳ,B1,横芝光町障害者控除対象者認定書交付に関する要綱,2007-10-25,2022-12-22,https://www1.g-reiki.net/yokoshibahikari/reiki_honbun/r338RG00000528.html,2026-08-27
124214,千葉県,一宮町,読めた,,Ⅱa,,,Ⅳ,,一宮町障害者控除対象者認定書交付要綱,2006-12-13,2023-09-22,https://www1.g-reiki.net/ichinomiya/reiki_honbun/g062RG00000373.html,2026-08-27
124222,千葉県,睦沢町,読めた,,Ⅱa,,,Ⅳ,,睦沢町障害者控除対象者認定書交付要綱,2006-12-12,2016-03-25,https://www.town.mutsuzawa.chiba.jp/reiki/reiki_honbun/g063RG00000489.html,2026-08-27
124231,千葉県,長生村,読めた,,Ⅱa,,,Ⅳ,,長生村障がい者控除対象者認定書交付要綱,2006-12-01,2016-04-01,https://www1.g-reiki.net/chosei/reiki_honbun/g064RG00000414.html,2026-08-27
124265,千葉県,長柄町,読めた,,Ⅱa,,,Ⅳ,,長柄町障害者控除対象者認定書交付要綱,2006-12-01,2023-03-30,https://www1.g-reiki.net/nagara/reiki_honbun/g066RG00000413.html,2026-08-27
124273,千葉県,長南町,読めた,,Ⅱa,,,Ⅳ,,長南町障害者控除対象者認定書交付要綱,2006-12-14,2014-12-15,https://www1.g-reiki.net/town.chonan.chiba/reiki_honbun/g067RG00000369.html,2026-08-27
124419,千葉県,大多喜町,基準表が本文に無い,,,,,,,大多喜町障害者控除対象者認定規則,2007-02-20,2022-03-30,https://www1.g-reiki.net/otaki/reiki_honbun/g068RG00000568.html,2026-08-27
124630,千葉県,鋸南町,読めた,,Ⅱa,,,Ⅳ,,鋸南町障害者控除対象者認定書交付要綱,2006-10-02,2006-10-02,https://en3-jg.d1-law.com/kyonan/d1w_reiki/H418902500052/H418902500052_j.html,2026-08-27
131024,東京都,中央区,判定ランクを公表していない,,,,,,,,,,https://www.city.chuo.lg.jp/a0029/20241227syogai.html,2026-08-27
131075,東京都,墨田区,読めた,要介護3,Ⅱa,A1,要介護3,Ⅲa,,墨田区障害者控除対象者認定に関する取扱要綱,2021-07-14,2021-07-14,https://www.city.sumida.lg.jp/wkg/reiki_int/reiki_honbun/g108RG00002086.html,2026-08-27
131118,東京都,大田区,読めた(文章),,Ⅱa,A1,,Ⅲa,B1,,,,https://www.city.ota.tokyo.jp/seikatsu/fukushi/kourei/nenkin_zei/youkaigoninteishatounokoujyo.html,2026-08-27
131121,東京都,世田谷区,読めた(表),要介護3,,,要介護3,,,,,,https://www.city.setagaya.lg.jp/02061/221.html,2026-08-27
131148,東京都,中野区,基準表が本文に無い,,,,,,,公印の使用区分について,2009-10-08,2026-03-30,https://www.city.tokyo-nakano.lg.jp/reiki/reiki_honbun/q600RG00001845.html,2026-08-27
131202,東京都,練馬区,基準表が本文に無い,,,,,,,練馬区障害者控除対象者認定実施要綱,2017-03-31,2019-06-28,https://www1.g-reiki.net/nerima/reiki_honbun/a100RG00003087.html,2026-08-27
131211,東京都,足立区,判定ランクを公表していない,,,,,,,,,,https://www.city.adachi.tokyo.jp/s-engo/shougaishakoujo.html,2026-08-27
131229,東京都,葛飾区,基準が読み取れない,,,,,,,,,,https://www.city.katsushika.lg.jp/kenkou/1000051/1002106/1030310/1018285.html,2026-08-27
132012,東京都,八王子市,判定ランクを公表していない,,,,,,,,,,https://www.city.hachioji.tokyo.jp/kurashi/welfare/004/004/001/p003860.html,2026-08-27
132021,東京都,立川市,読めた,,Ⅲa,,,Ⅳ,,立川市高齢者の障害者控除対象者認定事務取扱要綱,2009-01-01,2024-04-01,https://en3-jg.d1-law.com/tachikawa/d1w_reiki/H421902600061/H421902600061_j.html,2026-08-27
132110,東京都,小平市,読めた(本文の文章から),,Ⅲa,B1,,Ⅳ,C1,小平市障害者控除対象者の認定に関する事務取扱要綱,2019-01-01,2021-04-01,http://www.city.kodaira.tokyo.jp/reiki/reiki_honbun/g135RG00001253.html,2026-08-27
132128,東京都,日野市,基準表が本文に無い,,,,,,,介護保険にかかわる障害者控除対象者認定書に関する取扱要綱,2007-01-01,2007-01-01,https://www1.g-reiki.net/hino/reiki_honbun/f900RG00001218.html,2026-08-27
132136,東京都,東村山市,表が読めない,,,,,,,東村山市障害者控除対象者の認定に関する規則,2007-03-07,2016-03-30,https://www1.g-reiki.net/city.higashimurayama/reiki_honbun/f200RG00000852.html,2026-08-27
132144,東京都,国分寺市,表が読めない,,,,,,,国分寺市障害者控除対象者の認定に関する規則,2018-10-29,2021-03-31,https://www.city.kokubunji.tokyo.jp/area/reiki_int/reiki_honbun/c000RG00001874.html,2026-08-27
132217,東京都,清瀬市,表が読めない,,,,,,,清瀬市障害者控除対象者認定書の交付事務取扱要綱,2005-12-28,2023-03-08,https://en3-jg.d1-law.com/kiyose/d1w_reiki/H417902200078/H417902200078_j.html,2026-08-27
132225,東京都,東久留米市,読めた,,Ⅱa,J1,,Ⅲa,,東久留米市介護保険障害者控除対象者認定書交付に関する要綱,2014-11-05,2014-11-05,http://www2.city.higashikurume.lg.jp/reiki_int/reiki_honbun/g146RG00000781.html,2026-08-27
133035,東京都,瑞穂町,読めた,,Ⅱa,A1,,Ⅲa,,瑞穂町障害者控除対象者認定に関する要綱,2008-12-26,2012-03-09,https://www1.g-reiki.net/mizuho/reiki_honbun/g152RG00001147.html,2026-08-27
133051,東京都,日の出町,読めた,要介護1,Ⅱa,A1,要介護1,Ⅲa,,日の出町障害者控除対象者認定に関する要綱,2011-02-03,2011-02-03,https://www1.g-reiki.net/town.hinode/reiki_honbun/g153RG00000965.html,2026-08-27
133639,東京都,新島村,読めた,要介護3,Ⅱa,A1,要介護3,,B1,新島村障害者控除対象者認定要綱,2013-11-13,2013-11-13,http://www.niijima.com/reiki_int/reiki_honbun/g158RG00000427.html,2026-08-27
141003,神奈川県,横浜市,判定ランクを公表していない,,,,,,,,,,https://www.city.yokohama.lg.jp/kenko-iryo-fukushi/fukushi-kaigo/koreisha-kaigo/kaigohoken-igai-service/koukyou-zei/shougaisha-koujo.html,2026-08-27
141305,神奈川県,川崎市,判定ランクを公表していない,,,,,,,,,,https://www.city.kawasaki.jp/templates/outline/350/0000071709.html,2026-08-27
142085,神奈川県,逗子市,読めた,,Ⅱa,A1,,Ⅲa,,逗子市障害者控除対象者認定事務取扱要綱,2020-04-01,2020-04-01,https://www1.g-reiki.net/zushi/reiki_honbun/g210RG00001482.html,2026-08-27
142115,神奈川県,秦野市,読めた,,,A1,,,,秦野市障害者控除対象者認定要綱,2007-01-25,2007-01-25,https://www1.g-reiki.net/city.hadano/reiki_honbun/g213RG00000964.html,2026-08-27
143839,神奈川県,真鶴町,要確認(順序が逆転),要介護4,Ⅳ,B1,要介護1,Ⅲa,A1,所得税及び町県民税における障害者控除対象高齢者認定事務取扱要領,2007-01-15,2007-01-15,https://www1.g-reiki.net/town.manazuru.kanagawa/reiki_honbun/g231RG00000530.html,2026-08-27
151009,新潟県,新潟市,読めた(文章),,,B1,,,,,,,https://www.city.niigata.lg.jp/iryo/kaigo/kaigoindex/zeikojyo.html,2026-08-27
152242,新潟県,佐渡市,基準表が本文に無い,,,,,,,佐渡市老齢者の障害者控除対象者認定実施要綱,2004-03-01,2004-03-01,https://www.city.sado.niigata.jp/reiki_int/reiki_honbun/r028RG00000972.html,2026-08-27
152251,新潟県,魚沼市,表が読めない,,,,,,,魚沼市介護保険の第１号被保険者の要介護（要支援）認定者に係る所得税及び地方税上の障害者控除対象者認定基準要領,2004-11-01,2021-04-01,https://www.city.uonuma.lg.jp/reiki/reiki_honbun/r043RG00000625.html,2026-08-27
152269,新潟県,南魚沼市,読めた,,Ⅱa,,,Ⅲa,,南魚沼市要介護認定者に係る障害者控除対象者認定書交付要綱,2010-03-30,2021-12-28,http://www.city.minamiuonuma.niigata.jp/reiki/reiki_honbun/r044RG00001013.html,2026-08-27
152277,新潟県,胎内市,読めた(本文の文章から),要支援1,Ⅰ,J1,,,,胎内市障害者控除対象者認定実施要綱,2006-01-12,2020-12-24,https://www1.g-reiki.net/tainai/reiki_honbun/r192RG00000800.html,2026-08-27
154610,新潟県,湯沢町,読めた,,Ⅱa,A2,,Ⅲa,,湯沢町要支援及び要介護認定者に係る障害者控除対象者認定書交付要綱,2017-05-10,2017-05-10,https://www1.g-reiki.net/town-yuzawa/reiki_honbun/e469RG00000844.html,2026-08-27
162060,富山県,滑川市,読めた(本文の文章から),,Ⅱa,B1,,,,滑川市障害者控除対象者認定事務取扱要綱,2006-12-28,2021-12-07,https://www1.g-reiki.net/city.namerikawa/reiki_honbun/i007RG00000546.html,2026-08-27
162086,富山県,砺波市,基準表が本文に無い,,,,,,,砺波市障害者控除対象者の認定事務取扱要綱,2006-10-18,2020-12-15,https://www1.g-reiki.net/tonami/reiki_honbun/r067RG00000643.html,2026-08-27
162108,富山県,南砺市,基準表が本文に無い,,,,,,,南砺市障害者控除対象者認定書の交付に関する要綱,2007-12-26,2021-04-01,https://www1.g-reiki.net/nanto/reiki_honbun/r066RG00000984.html,2026-08-27
162116,富山県,射水市,読めた(本文の文章から),要介護1,Ⅱa,A2,,,,射水市障害者控除対象者認定事務取扱要綱,2007-09-10,2020-12-28,https://www1.g-reiki.net/imizu/reiki_honbun/r311RG00000866.html,2026-08-27
163210,富山県,舟橋村,読めた(本文の文章から),,Ⅱa,B1,,,,舟橋村障害者控除対象者認定要綱,2008-02-01,2008-02-01,https://public2.legalcrud.com/funahashi_vill/reiki/act/110000210.html,2026-08-27
163236,富山県,立山町,読めた(本文の文章から),,Ⅱa,B1,,,,立山町障害者控除対象者認定事務取扱要綱,2011-12-20,2011-12-20,https://www1.g-reiki.net/tateyama/reiki_honbun/i015RG00000644.html,2026-08-27
163422,富山県,入善町,読めた(本文の文章から),,Ⅱa,B1,,,,入善町障害者控除対象者認定要綱,2007-12-14,2016-03-03,https://www1.g-reiki.net/nyuzen/reiki_honbun/i017RG00000521.html,2026-08-27
163431,富山県,朝日町,読めた(本文の文章から),,Ⅱa,B1,,,,朝日町障害者控除対象者認定要綱,2008-02-01,2020-01-31,https://www1.g-reiki.net/asahi.toyama/reiki_honbun/i018RG00000476.html,2026-08-27
172090,石川県,かほく市,読めた,,Ⅱa,A1,,,B1,かほく市要介護認定者等に係る障害者控除対象者認定取扱要綱,2007-12-27,2018-12-14,https://www1.g-reiki.net/kahoku/reiki_honbun/r020RG00000715.html,2026-08-27
173240,石川県,川北町,読めた(本文の文章から),,Ⅰ,,,,B1,川北町介護保険要介護等被保険者に係る所得税法及び地方税法上の障害者控除対象者認定取扱要綱,2007-10-01,2021-10-01,https://www1.g-reiki.net/kawakita/reiki_honbun/i114RG00000334.html,2026-08-27
173614,石川県,津幡町,読めた,,Ⅱa,A1,,,B1,津幡町障害者控除対象者認定書交付に関する要綱,2007-12-17,2016-03-28,https://www1.g-reiki.net/tsubata/reiki_honbun/i123RG00000815.html,2026-08-27
173657,石川県,内灘町,読めた,,Ⅱa,A1,,,B1,内灘町要介護認定者等に係る障害者控除対象者認定取扱要綱,2013-11-27,2024-12-25,https://www1.g-reiki.net/uchinada/reiki_honbun/i127RG00000718.html,2026-08-27
173860,石川県,宝達志水町,読めた,,Ⅱa,A1,,,B1,宝達志水町障害者控除対象者の認定取扱要綱,2013-01-18,2016-04-01,https://www1.g-reiki.net/hodatsushimizu/reiki_honbun/r286RG00000613.html,2026-08-27
174076,石川県,中能登町,読めた(別表から),要支援1,,,,,,中能登町地域生活支援事業実施要綱,2015-04-01,2025-03-21,https://www1.g-reiki.net/nakanoto/reiki_honbun/r135RG00000669.html,2026-08-27
182109,福井県,坂井市,読めた,,Ⅱa,A1,,Ⅲa,,介護保険における要介護認定者の所得税法及び地方税法上の障害認定基準取扱要領,2006-12-26,2023-11-01,https://www1.g-reiki.net/sakai-city/reiki_honbun/r367RG00000777.html,2026-08-27
184047,福井県,南越前町,読めた,,,A1,,,B1,南越前町障害者控除対象者認定書交付に関する要綱,2008-11-01,2016-03-28,https://www1.g-reiki.net/town.minamiechizen/reiki_honbun/r196RG00000551.html,2026-08-27
192023,山梨県,富士吉田市,読めた,,Ⅲa,B1,,Ⅳ,,富士吉田市介護保険要介護認定者等に係る障害者控除対象者認定要綱,2022-03-31,2022-03-31,https://www1.g-reiki.net/fujiyoshida/reiki_honbun/e603RG00001064.html,2026-08-27
192040,山梨県,都留市,読めた,,Ⅱa,B1,,Ⅳ,,都留市障害者控除対象者認定書交付規程,2010-03-26,2021-12-27,https://www1.g-reiki.net/city.tsuru.yamanashi/reiki_honbun/e605RG00000539.html,2026-08-27
192091,山梨県,北杜市,読めた,,Ⅱb,A1,,Ⅲb,,北杜市障害者控除対象者認定事務取扱要綱,2008-02-18,2022-02-18,https://www1.g-reiki.net/city.hokuto.yamanashi/reiki_honbun/r112RG00001032.html,2026-08-27
192121,山梨県,上野原市,読めた,要介護4,Ⅲa,A1,要介護4,Ⅳ,,上野原市高齢者に係る障害者控除対象者認定事務取扱要綱,2013-03-06,2022-09-30,https://www1.g-reiki.net/uenohara/reiki_honbun/r175RG00000913.html,2026-08-27
193666,山梨県,南部町,読めた(別表から),,,J1,,,,南部町障害者控除対象者認定書交付要綱,2015-04-01,2015-04-01,https://www.town.nanbu.yamanashi.jp/reiki_int/reiki_honbun/e632RG00000591.html,2026-08-27
193682,山梨県,富士川町,読めた,,Ⅱa,A1,,Ⅲa,,富士川町要介護認定者に係る障害者控除対象者認定要綱,2012-03-27,2016-03-31,https://www.town.fujikawa.yamanashi.jp/reiki/reiki_int/reiki_honbun/r388RG00000560.html,2026-08-27
194221,山梨県,道志村,読めた,,Ⅲa,B1,,Ⅳ,,道志村介護保険要介護認定者等に係る障害者控除対象者認定要綱,2024-02-26,2024-02-26,https://www1.g-reiki.net/doshi/reiki_honbun/e655RG00000671.html,2026-08-27
194298,山梨県,鳴沢村,読めた,,Ⅱa,A1,,Ⅲa,,鳴沢村要介護認定者に係る障害者控除対象者認定要綱,2018-01-10,2022-03-18,https://www1.g-reiki.net/vill.narusawa/reiki_honbun/e662RG00000486.html,2026-08-27
202088,長野県,小諸市,基準表が本文に無い,,,,,,,小諸市公印規則,1970-08-01,2026-02-27,https://www1.g-reiki.net/komoro/reiki_honbun/e709RG00000070.html,2026-08-27
202207,長野県,安曇野市,基準表が本文に無い,,,,,,,安曇野市障害者控除対象者の認定に関する要綱,2007-11-19,2023-07-31,https://www.city.azumino.nagano.jp/reiki/d1w_reiki/H419902500227/H419902500227_j.html,2026-08-27
203041,長野県,川上村,読めた,,Ⅱa,A1,,Ⅳ,,川上村障害者控除対象者認定に関する要綱,2007-12-20,2016-03-17,https://en3-jg.d1-law.com/kawakami/d1w_reiki/H419902600026/H419902600026_j.html,2026-08-27
203068,長野県,南相木村,読めた,,Ⅱa,A1,,,B1,南相木村障害者控除対象者認定に関する取扱要綱,2023-08-25,2023-08-25,https://en3-jg.d1-law.com/minamiaiki/d1w_reiki/H505902600021/H505902600021_j.html,2026-08-27
203238,長野県,御代田町,読めた,,Ⅱa,A1,,Ⅲb,,御代田町老齢者の障害者控除対象者認定要綱,2007-12-17,2024-03-15,https://www1.g-reiki.net/town.miyota.nagano/reiki_honbun/e729RG00000449.html,2026-08-27
203505,長野県,長和町,読めた,,Ⅲb,,,M,,長和町障害者控除対象者認定に関する要綱,2007-12-15,2007-12-15,https://en3-jg.d1-law.com/nagawa/d1w_reiki/H419902500029/H419902500029_j.html,2026-08-27
204811,長野県,池田町,読めた,,Ⅱa,A1,,,B1,池田町障害者控除対象者認定に関する要綱,2008-01-25,2022-03-17,https://en3-jg.d1-law.com/ikeda-town/d1w_reiki/H420902500002/H420902500002_j.html,2026-08-27
204820,長野県,松川村,読めた,要介護1,Ⅱa,A1,要介護3,Ⅲa,,松川村障害者控除対象者認定要綱,2008-02-01,2024-03-22,https://www1.g-reiki.net/vill-matsukawa/reiki_honbun/e797RG00000557.html,2026-08-27
204854,長野県,白馬村,読めた,,Ⅱa,A1,,Ⅲa,B1,白馬村障害者控除対象者の認定に関する要綱,2008-01-10,2024-01-22,https://www1.g-reiki.net/vill.hakuba/reiki_honbun/e799RG00000422.html,2026-08-27
204862,長野県,小谷村,読めた,,Ⅱa,A1,,Ⅲa,B1,小谷村障がい者控除対象者認定に関する要綱,2007-12-27,2016-03-31,https://www1.g-reiki.net/vill.otari/reiki_honbun/e801RG00000402.html,2026-08-27
205613,長野県,山ノ内町,読めた(本文の文章から),,,,,,B1,障害者控除対象者認定書の交付要綱,2002-11-01,2002-11-01,https://www1.g-reiki.net/town.yamanouchi.nagano/reiki_honbun/e808RG00000506.html,2026-08-27
205621,長野県,木島平村,基準表が本文に無い,,,,,,,要介護認定者に対する障害者控除対象者認定書交付要綱,2002-03-15,2013-11-14,https://www.vill.kijimadaira.lg.jp/d1w_reiki/H414902200011/H414902200011_j.html,2026-08-27
212083,岐阜県,瑞浪市,基準表が本文に無い,,,,,,,証明書等発行時の本人確認等の取扱いに関する事務処理要領,2006-02-01,2024-11-21,https://en3-jg.d1-law.com/mizunami/d1w_reiki/H418902200001/H418902200001_j.html,2026-08-27
212148,岐阜県,可児市,基準表が本文に無い,,,,,,,可児市窓口における各種証明書等の交付事務に係る本人確認実施要綱,2006-11-01,2023-04-01,https://www1.g-reiki.net/kani/reiki_honbun/b700RG00000881.html,2026-08-27
212156,岐阜県,山県市,読めた,,Ⅱa,A1,,Ⅳ,B1,山県市障害者控除対象者認定書の交付に関する基準,2019-03-29,2024-11-27,https://www.city.yamagata.gifu.jp/reiki/reiki_honbun/r006RG00001164.html,2026-08-27
212164,岐阜県,瑞穂市,読めた(本文の文章から),,Ⅱa,A1,,,,瑞穂市高齢者の所得税及び地方税に係る障害者控除対象者認定要綱,2019-08-02,2022-02-16,https://www.city.mizuho.lg.jp/reiki_int/reiki_honbun/r011RG00000949.html,2026-08-27
212181,岐阜県,本巣市,読めた,,Ⅱa,A1,,M,B1,本巣市障害者控除対象者認定交付要綱,2024-07-12,2024-12-26,https://www1.g-reiki.net/city.motosu/reiki_honbun/r016RG00001176.html,2026-08-27
213829,岐阜県,輪之内町,読めた(別表から),,,,,,C1,輪之内町障害者控除対象者認定書交付要綱,2014-12-18,2022-03-07,https://www1.g-reiki.net/wanouchi/reiki_honbun/i328RG00000706.html,2026-08-27
215058,岐阜県,八百津町,基準表が本文に無い,,,,,,,八百津町窓口における各種証明書等の交付事務に係る本人確認実施要綱,2007-12-17,2025-12-26,https://www.town.yaotsu.lg.jp/reiki_int/reiki_honbun/i365RG00000083.html,2026-08-27
216046,岐阜県,白川村,読めた(本文の文章から),,,,要介護1,Ⅲa,A2,白川村高齢者に対する障害者控除対象者認定書交付要綱,2009-12-24,2024-06-14,https://www1.g-reiki.net/shirakawa-go/reiki_honbun/i390RG00000517.html,2026-08-27
221007,静岡県,静岡市,判定ランクを公表していない,,,,,,,,,,https://www.city.shizuoka.lg.jp/s2837/s002787.html,2026-08-27
221309,静岡県,浜松市,判定ランクを公表していない,,,,,,,,,,https://www.city.hamamatsu.shizuoka.jp/kourei/welfare/elderly/zaitaku/yuuguu.html,2026-08-27
222038,静岡県,沼津市,読めた(表),要介護3,,B1,,,,,,,https://www.city.numazu.shizuoka.jp/kurashi/fukushi/kaigo/shimin/shogaikojyo.htm,2026-08-27
222097,静岡県,島田市,基準表が本文に無い,,,,,,,島田市公印及び電子署名カードに関する規則,2005-05-05,2026-03-10,https://www1.g-reiki.net/city.shimada/reiki_honbun/r303RG00000042.html,2026-08-27
222216,静岡県,湖西市,読めた(本文の文章から),要介護2,,A1,,,,湖西市障害者控除対象者認定に関する要綱,2008-12-01,2020-06-05,https://www.city.kosai.shizuoka.jp/section/reiki/reiki_honbun/g322RG00000738.html,2026-08-27
222241,静岡県,菊川市,読めた,,Ⅱa,A1,,Ⅳ,B1,菊川市高齢者の障害者控除対象者認定に関する要綱,2020-12-16,2024-11-25,https://www1.g-reiki.net/city.kikugawa/reiki_honbun/r398RG00001371.html,2026-08-27
223255,静岡県,函南町,基準表が本文に無い,,,,,,,函南町公印規程,1958-08-11,2026-03-27,https://www1.g-reiki.net/town.kannami.shizuoka/reiki_honbun/x800RG00000053.html,2026-08-27
224294,静岡県,川根本町,読めた(本文の文章から),,,,,Ⅰ,J1,川根本町介護保険要介護認定者に対する障害者控除対象者に準ずる認定に関する要綱,2007-02-14,2019-02-25,http://www.town.kawanehon.shizuoka.jp/section/reiki_int/reiki_honbun/r225RG00000622.html,2026-08-27
224618,静岡県,森町,読めた,,Ⅱa,A1,,Ⅳ,,森町障害者控除対象者認定に関する要綱,2021-12-21,2021-12-21,https://en3-jg.d1-law.com/mori/d1w_reiki/H503902500159/H503902500159_j.html,2026-08-27
231002,愛知県,名古屋市,基準が読み取れない,,,,,,,,,,https://www.city.nagoya.jp/kenkofukushi/page/0000167338.html,2026-08-27
232262,愛知県,尾張旭市,読めた,要支援2,Ⅱa,A1,要介護4,Ⅳ,B1,尾張旭市要介護認定者等に係る障害者控除対象者認定要綱,2016-12-21,2023-08-01,https://www1.g-reiki.net/owariasahi.city/reiki_honbun/i528RG00001166.html,2026-08-27
232297,愛知県,豊明市,読めた(本文の文章から),要介護1,Ⅱa,A1,要介護4,Ⅳ,A1,障害者控除対象者認定に関する取扱要領,2002-08-05,2002-08-05,https://www1.g-reiki.net/toyoake/reiki_honbun/i531RG00000719.html,2026-08-27
234273,愛知県,飛島村,読めた(別表から),,,,要介護1,,,飛島村要介護認定高齢者に係る障害者控除対象者認定書交付事務処理要領,2009-03-31,2017-12-22,https://www1.g-reiki.net/tobishima/reiki_honbun/l900RG00000407.html,2026-08-27
242071,三重県,鈴鹿市,読めた,,Ⅱa,A1,,,B1,鈴鹿市障害者控除対象者認定に関する要綱,2007-12-27,2023-03-31,https://en3-jg.d1-law.com/suzuka/d1w_reiki/H419902200021/H419902200021_j.html,2026-08-27
242080,三重県,名張市,読めた,,Ⅱa,A1,,Ⅳ,B1,名張市要介護認定者等に対する障害者控除対象者の認定に関する要綱,2007-02-20,2022-01-11,https://en3-jg.d1-law.com/nabari/d1w_reiki/H419902500027/H419902500027_j.html,2026-08-27
242144,三重県,いなべ市,読めた(本文の文章から),,Ⅲa,A1,,Ⅳ,B1,いなべ市高齢者に係る所得税及び地方税上の障害者控除対象者認定事務取扱規則,2016-02-22,2016-02-22,https://www2.city.inabe.mie.jp/reiki/reiki_honbun/r031RG00000957.html,2026-08-27
242152,三重県,志摩市,読めた(本文の文章から),,Ⅱa,A1,,Ⅲb,A1,志摩市障害者控除対象者認定事務の処理に関する要綱,2004-12-08,2016-03-30,https://www1.g-reiki.net/city.shima.mie/reiki_honbun/r063RG00000666.html,2026-08-27
242161,三重県,伊賀市,表が読めない,,,,,,,要介護認定者に対する障害者控除対象者の認定に関する要綱,2004-11-01,2021-04-01,https://en3-jg.d1-law.com/iga/d1w_reiki/H416902500062/H416902500062_j.html,2026-08-27
245437,三重県,紀北町,基準表が本文に無い,,,,,,,紀北町要介護認定者等に対する障害者控除対象者認定書取扱要領,2005-10-11,2005-10-11,https://en3-jg.d1-law.com/kihoku/d1w_reiki/H417902500023/H417902500023_j.html,2026-08-27
252026,滋賀県,彦根市,読めた,要支援1,Ⅱa,,,Ⅳ,B1,彦根市障害者控除対象者認定実施要綱,2012-06-19,2022-12-28,https://www.city.hikone.lg.jp/section/reiki_int/act/110001538.html,2026-08-27
252034,滋賀県,長浜市,基準表が本文に無い,,,,,,,長浜市障害者控除対象者認定書交付事務の処理に関する要綱,2006-02-13,2016-04-01,https://www1.g-reiki.net/city.nagahama/reiki_honbun/k004RG00000822.html,2026-08-27
252042,滋賀県,近江八幡市,基準表が本文に無い,,,,,,,近江八幡市における高齢者の障害者控除対象者認定書の交付に関する要綱,2010-03-21,2021-05-19,https://www1.g-reiki.net/city.omihachiman/reiki_honbun/r389RG00000484.html,2026-08-27
252069,滋賀県,草津市,基準表が本文に無い,,,,,,,草津市障害者控除対象者認定書交付事務に関する要綱,2002-11-29,2022-04-01,https://www1.g-reiki.net/kusatsu/reiki_honbun/k007RG00000953.html,2026-08-27
252077,滋賀県,守山市,基準表が本文に無い,,,,,,,守山市障害者控除対象者認定書交付事務の処理に関する規則,2008-01-29,2016-03-29,https://www2.city.moriyama.lg.jp/reiki_int/reiki_honbun/i400RG00001575.html,2026-08-27
252085,滋賀県,栗東市,基準表が本文に無い,,,,,,,栗東市障害者控除対象者認定書交付事務の処理に関する要綱,2002-09-18,2016-04-01,http://www.city.ritto.lg.jp/reiki/reiki_honbun/k010RG00000705.html,2026-08-27
252093,滋賀県,甲賀市,基準表が本文に無い,,,,,,,甲賀市障害者控除対象者認定書の交付に関する要綱,2004-10-01,2011-04-01,https://reiki.city.koka.lg.jp/reiki_int/reiki_honbun/r055RG00000314.html,2026-08-27
252107,滋賀県,野洲市,基準表が本文に無い,,,,,,,野洲市障害者控除対象者認定事務の処理に関する要綱,2004-10-01,2025-06-24,https://www.city.yasu.lg.jp/section/reiki_int/reiki_honbun/r042RG00000463.html,2026-08-27
252115,滋賀県,湖南市,基準表が本文に無い,,,,,,,湖南市における６５歳以上の者への障害者控除対象者認定書の交付に関する要綱,2004-10-01,2016-04-01,https://www.city.shiga-konan.lg.jp/section/reiki_int/reiki_honbun/r041RG00000374.html,2026-08-27
252123,滋賀県,高島市,基準表が本文に無い,,,,,,,高島市障害者控除対象者認定書交付事務に関する要綱,2005-01-01,2019-08-28,https://www.city.takashima.lg.jp/section/reiki_int/reiki_honbun/r152RG00000471.html,2026-08-27
252131,滋賀県,東近江市,読めた(別表から),,,,,Ⅱa,B1,東近江市高齢者の障害者控除対象者認定書交付事務取扱要綱,2005-02-11,2021-03-29,https://www2.city.higashiomi.shiga.jp/reiki_int/reiki_honbun/r151RG00000541.html,2026-08-27
252140,滋賀県,米原市,基準表が本文に無い,,,,,,,米原市障がい者控除対象者認定要綱,2005-04-01,2022-03-18,https://www.city.maibara.lg.jp/reiki/reiki_honbun/r108RG00000625.html,2026-08-27
253839,滋賀県,日野町,読めた(本文の文章から),,,,,Ⅱa,B1,日野町における高齢者の障害者控除対象者認定書の交付に関する要綱,2002-12-26,2021-03-29,https://www1.g-reiki.net/town.shiga-hino/reiki_honbun/m038RG00000290.html,2026-08-27
254258,滋賀県,愛荘町,基準表が本文に無い,,,,,,,愛荘町高齢者の障害者控除対象者認定書交付事務に関する要綱,2006-02-13,2016-04-01,https://www.town.aisho.shiga.jp/section/reiki_honbun/r304RG00000371.html,2026-08-27
254410,滋賀県,豊郷町,基準表が本文に無い,,,,,,,豊郷町高齢者の障害者控除対象者認定書交付事務に関する要綱,2007-02-07,2019-02-28,https://www.town.toyosato.shiga.jp/reiki/act/110000605.html,2026-08-27
254428,滋賀県,甲良町,基準表が本文に無い,,,,,,,甲良町高齢者の障害者控除対象者認定書交付事務に関する要綱,2003-01-15,2025-02-28,https://www.kouratown.jp/section/reiki_int/reiki_honbun/k032RG00000402.html,2026-08-27
261009,京都府,京都市,読めた(表),,Ⅱa,,,Ⅲa,B1,,,,https://www.city.kyoto.lg.jp/hokenfukushi/page/0000317370.html,2026-08-27
262013,京都府,福知山市,基準表が本文に無い,,,,,,,会計管理者の職務権限に属する事務の一部の出納員への委任,1979-04-01,2026-01-07,https://www.city.fukuchiyama.lg.jp/reiki/reiki_honbun/k103RG00000070.html,2026-08-27
262064,京都府,亀岡市,基準表が本文に無い,,,,,,,亀岡市公印規則,1955-01-31,2025-03-27,http://www.city.kameoka.kyoto.jp/reiki_int/reiki_honbun/k108RG00000125.html,2026-08-27
262137,京都府,南丹市,読めた(別表から),,,,,Ⅱa,A1,南丹市障害者控除対象者の認定事務処理に関する要綱,2006-02-28,2024-03-29,https://www1.g-reiki.net/city.nantan/reiki_honbun/r279RG00000753.html,2026-08-27
262145,京都府,木津川市,読めた(本文の文章から),,Ⅱa,,,,,木津川市高齢者の所得税、地方税法上の障害者控除対象者認定書交付要綱,2007-03-12,2020-01-14,https://en3-jg.d1-law.com/kizugawa/d1w_reiki/H419902500044/H419902500044_j.html,2026-08-27
263672,京都府,南山城村,読めた(本文の文章から),,Ⅱa,,,,,南山城村高齢者の所得税、地方税法上の障害者控除対象者認定書交付要綱,2013-03-29,2022-09-08,https://www.vill.minamiyamashiro.lg.jp/reiki/reiki_honbun/k124RG00000532.html,2026-08-27
264075,京都府,京丹波町,基準表が本文に無い,,,,,,,京丹波町障害者控除対象者認定書交付事務の処理に関する要綱,2006-10-01,2006-10-01,https://www1.g-reiki.net/town.kyotamba/reiki_honbun/r244RG00000672.html,2026-08-27
271004,大阪府,大阪市,基準が読み取れない,,,,,,,,,,https://www.city.osaka.lg.jp/fukushi/page/0000058487.html,2026-08-27
271403,大阪府,堺市,判定ランクを公表していない,,,,,,,,,,https://www.city.sakai.lg.jp/kenko/fukushikaigo/shogaifukushi/shiori/shiori/zei-keigen.html,2026-08-27
272027,大阪府,岸和田市,基準表が本文に無い,,,,,,,岸和田市障害者控除対象者認定事務取扱要綱,2006-10-31,2021-03-26,https://en3-jg.d1-law.com/kishiwada/d1w_reiki/H418902500333/H418902500333_j.html,2026-08-27
272124,大阪府,八尾市,判定ランクを公表していない,,,,,,,,,,https://www.city.yao.osaka.jp/kenkou_fukushi/koureisha_hukushi/1007856/1007861.html,2026-08-27
272141,大阪府,富田林市,読めた(本文の文章から),,Ⅱa,,,Ⅲa,B1,富田林市高齢者に係る所得税法及び地方税法上の障害者控除対象者認定要綱,2006-09-01,2021-01-12,https://www1.g-reiki.net/tondabayashi/reiki_honbun/e700RG00001161.html,2026-08-27
272248,大阪府,摂津市,読めた,要支援2,Ⅱa,,要介護3,Ⅲa,,摂津市障害者控除対象者の認定に関する要綱,2019-03-15,2021-06-29,https://www.city.settsu.osaka.jp/section/reiki/reiki_honbun/v100RG00000910.html,2026-08-27
272272,大阪府,東大阪市,判定ランクを公表していない,,,,,,,,,,https://www.city.higashiosaka.lg.jp/0000004368.html,2026-08-27
273821,大阪府,河南町,読めた(本文の文章から),,Ⅰ,J1,,,,河南町高齢者の障害者控除対象者認定書交付事務に関する取扱い要綱,2006-07-25,2019-01-24,https://en3-jg.d1-law.com/kanan/d1w_reiki/H418902500077/H418902500077_j.html,2026-08-27
281000,兵庫県,神戸市,判定ランクを公表していない,,,,,,,,,,https://www.city.kobe.lg.jp/a39067/kenko/fukushi/koreshafukushi/am06/nenkin/kaigozeikoujyo.html,2026-08-27
282057,兵庫県,洲本市,基準表が本文に無い,,,,,,,洲本市組織規則,2006-02-11,2025-03-31,https://www.city.sumoto.lg.jp/reiki/H418902100002/H418902100002_j.html,2026-08-27
282197,兵庫県,三田市,読めた(文章),要支援1,,,,,,,,,https://www.city.sanda.lg.jp/soshiki/30/gyomu/kourei_fukushi_kaigo/107/81/27665.html,2026-08-27
282235,兵庫県,丹波市,読めた(本文の文章から),,Ⅰ,J1,,,,丹波市所得税法等の障害者認定に係る事務処理要綱,2005-12-28,2011-03-14,https://www.city.tamba.lg.jp/section/reiki/reiki_honbun/r394RG00000646.html,2026-08-27
282278,兵庫県,宍粟市,読めた,,Ⅲa,A1,,,,宍粟市介護保険の要介護者等に係る障害認定に関する規程,2005-04-01,2016-02-23,https://www1.g-reiki.net/city.shiso/reiki_honbun/r402RG00000661.html,2026-08-27
282286,兵庫県,加東市,基準表が本文に無い,,,,,,,加東市障害者控除対象者認定書交付に関する要綱,2006-10-10,2024-12-10,https://www.city.kato.lg.jp/section/reiki/reiki_honbun/r315RG00000630.html,2026-08-27
283657,兵庫県,多可町,基準表が本文に無い,,,,,,,多可町障害者控除対象者認定書交付に関する事務取扱要領,2006-12-28,2006-12-28,https://en3-jg.d1-law.com/taka/d1w_reiki/H418902500114/H418902500114_j.html,2026-08-27
283819,兵庫県,稲美町,基準表が本文に無い,,,,,,,稲美町障害者控除対象者認定書交付に関する取扱要領,2006-12-28,2006-12-28,https://www.town.hyogo-inami.lg.jp/reiki/reiki_honbun/k333RG00000466.html,2026-08-27
283827,兵庫県,播磨町,読めた(本文の文章から),,,,要介護4,Ⅳ,,播磨町障害者控除対象者認定書交付要綱,2023-05-01,2023-05-01,http://www.town.harima.lg.jp/d1w_reiki/H505902300052/H505902300052_j.html,2026-08-27
284432,兵庫県,福崎町,基準表が本文に無い,,,,,,,介護保険要介護認定者にかかる所得税及び住民税の障害者控除対象者認定実施要綱,2002-12-13,2021-12-01,https://en3-jg.d1-law.com/fukusaki/d1w_reiki/H414902500109/H414902500109_j.html,2026-08-27
284645,兵庫県,太子町,要確認(順序が逆転),,,B1,,Ⅰ,J1,障害者控除対象者認定書交付に関する要綱,2006-02-01,2006-02-01,https://www.town.hyogo-taishi.lg.jp/section/reiki/H418902500005/H418902500005_j.html,2026-08-27
285013,兵庫県,佐用町,読めた,,Ⅱa,A1,,Ⅲa,,佐用町障害者控除対象者認定に関する規則,2010-12-27,2019-05-01,http://www.town.sayo.lg.jp/reikisyuu/H422902100026/H422902100026_j.html,2026-08-27
285854,兵庫県,香美町,読めた,要介護1,,,要介護4,,,香美町介護保険要介護認定者に係る所得税及び住民税の障害者控除対象者認定実施要綱,2005-04-01,2005-04-01,https://www1.g-reiki.net/town.mikata-kami/reiki_honbun/r414RG00000443.html,2026-08-27
285862,兵庫県,新温泉町,読めた,要介護1,,,要介護4,,,新温泉町介護保険要介護認定者に係る所得税及び住民税の障害者控除対象者認定実施要綱,2007-03-30,2008-12-01,https://www1.g-reiki.net/town.shinonsen.hyogo/reiki_honbun/r407RG00000525.html,2026-08-27
292061,奈良県,桜井市,基準表が本文に無い,,,,,,,桜井市所得税法施行令及び地方税法施行令に定める障害者・特別障害者としての認定事務処理規程,2007-02-16,2024-02-05,https://en3-jg.d1-law.com/sakurai/d1w_reiki/H419902210001/H419902210001_j.html,2026-08-27
292087,奈良県,御所市,読めた,,Ⅱa,A1,,Ⅲa,,御所市老齢者の障害者控除対象者認定に関する要綱,2006-11-30,2022-03-31,http://www.city.gose.nara.jp/html/reiki_int/reiki_honbun/k409RG00000629.html,2026-08-27
293440,奈良県,斑鳩町,読めた,,,A1,,,B1,障害者控除対象者認定書交付に関する要綱,2006-03-31,2021-12-17,http://www.town.ikaruga.nara.jp/reiki_int/reiki_honbun/k417RG00000580.html,2026-08-27
293610,奈良県,川西町,基準表が本文に無い,,,,,,,行政手続における特定の個人を識別するための番号の利用等に関する法律に基づく個人番号の利用及び特定個人情報の提供に関する条例,2015-09-28,2025-12-22,https://www.town.nara-kawanishi.lg.jp/html/reiki_int/reiki_honbun/k419RG00000481.html,2026-08-27
293636,奈良県,田原本町,基準表が本文に無い,,,,,,,田原本町高齢者の所得税法施行令及び地方税法施行令に基づく障害者控除対象者としての認定に関する要綱,2024-11-29,2024-11-29,http://www.town.tawaramoto.nara.jp/05_others/reiki_int/reiki_honbun/e200RG00001126.html,2026-08-27
293857,奈良県,曽爾村,基準表が本文に無い,,,,,,,曾爾村所得税法施行令及び地方税法施行令に定める障害者・特別障害者の認定事務処理規程,2008-03-07,2008-03-07,http://www.vill.soni.nara.jp/div/soumu/htm/reiki_int/reiki_honbun/k426RG00000553.html,2026-08-27
293865,奈良県,御杖村,読めた,,Ⅱa,A1,,Ⅲa,,御杖村障害者控除対象者認定書交付事務に関する要綱,2025-01-01,2025-01-01,https://lg.joureikun.jp/mitsue_vill/reiki/act/110002031.html,2026-08-27
302023,和歌山県,海南市,基準表が本文に無い,,,,,,,海南市告示で定める申請書等の性別記載の特例に関する告示,2022-06-01,2022-06-01,https://www.city.kainan.lg.jp/section/reiki/reiki_honbun/r219RG00000743.html,2026-08-27
302031,和歌山県,橋本市,読めた,,Ⅱa,A1,,Ⅳ,,橋本市における高齢者に係る障害者控除対象者認定書の交付に関する要綱,2007-11-30,2021-09-21,http://www.city.hashimoto.lg.jp/section/reiki_honbun/r282RG00000982.html,2026-08-27
302040,和歌山県,有田市,読めた,,,A1,,,B1,有田市介護保険要介護等認定者に対する障害者控除対象者認定書交付に関する要綱,2008-08-29,2025-03-31,http://www2.city.arida.lg.jp/e_reiki/H420902200025/H420902200025_j.html,2026-08-27
302082,和歌山県,紀の川市,読めた(本文の文章から),,Ⅱa,A1,,Ⅳ,B1,紀の川市要介護・要支援認定者障害者控除対象者認定取扱要綱,2006-11-17,2021-07-02,https://www1.g-reiki.net/kinokawa/reiki_honbun/r252RG00000617.html,2026-08-27
303046,和歌山県,紀美野町,読めた,,Ⅱa,A1,,Ⅳ,,紀美野町介護保険要介護等認定者に対する障害者控除対象者認定実施要綱,2007-03-30,2024-03-29,https://www.town.kimino.wakayama.jp/section/reiki/reiki_honbun/r274RG00000566.html,2026-08-27
303411,和歌山県,かつらぎ町,読めた,,Ⅱa,A1,,Ⅳ,,かつらぎ町における高齢者に係る障害者控除対象者認定に関する事務取扱要綱,2013-11-27,2023-09-29,https://www.town.katsuragi.wakayama.jp/reiki/reiki_honbun/k518RG00001429.html,2026-08-27
303666,和歌山県,有田川町,読めた(本文の文章から),,,,,Ⅰ,J1,有田川町障害者控除対象者認定書交付に関する要綱,2007-12-19,2016-03-15,https://www.town.aridagawa.lg.jp/section/reiki/reiki_honbun/r275RG00000619.html,2026-08-27
304280,和歌山県,串本町,読めた(本文の文章から),要介護3,,,要介護4,,J1,串本町高齢者の障害者控除対象者認定事務取扱要綱,2007-12-17,2022-06-22,https://www.town.kushimoto.wakayama.jp/reiki_int/reiki_honbun/r218RG00000636.html,2026-08-27
313700,鳥取県,湯梨浜町,読めた,,,,要介護3,Ⅲa,,湯梨浜町障害者控除対象者認定実施要綱,2009-09-28,2016-03-23,https://www.yurihama.jp/reiki/reiki_honbun/r048RG00000786.html,2026-08-27
313718,鳥取県,琴浦町,読めた,,,,要介護4,Ⅳ,,琴浦町障害者控除対象者認定実施要綱,2008-09-01,2017-09-22,https://www1.g-reiki.net/kotoura/reiki_honbun/r040RG00000673.html,2026-08-27
313840,鳥取県,日吉津村,読めた,要介護1,,C1,要介護4,,,日吉津村老齢者の所得税法施行令等に基づく障害者控除対象者認定書交付に関する要綱,2010-01-01,2010-01-01,https://www.hiezu.jp/reiki/%e7%ac%ac8%e7%b7%a8%e5%8e%9a%e7%94%9f/%e7%ac%ac1%e7%ab%a0%e7%a4%be%e4%bc%9a%e7%a6%8f%e7%a5%89/%e7%ac%ac4%e7%af%80%e9%9a%9c%e5%ae%b3%e8%80%85%e7%a6%8f%e7%a5%89/m032rg00000426/,2026-08-27
313891,鳥取県,南部町,読めた,要介護1,,C1,要介護4,,,南部町老齢者の所得税法施行令等に基づく障害者控除対象者認定書交付に関する要綱,2009-12-01,2010-03-03,https://www.town.nanbu.tottori.jp/reiki/reiki_honbun/r049RG00000608.html,2026-08-27
313904,鳥取県,伯耆町,読めた,要介護1,,C1,要介護4,,,伯耆町老齢者の所得税法施行令等に基づく障害者控除対象者認定書交付に関する要綱,2009-11-13,2019-04-18,https://www1.g-reiki.net/houki/reiki_honbun/r087RG00000659.html,2026-08-27
322041,島根県,益田市,読めた,,,A1,,,B1,益田市障害者控除対象者認定書交付に関する要綱,2007-01-22,2021-09-29,https://www1.g-reiki.net/masuda/reiki_honbun/m105RG00001069.html,2026-08-27
322067,島根県,安来市,読めた(本文の文章から),,Ⅱa,A1,,Ⅳ,B1,安来市老齢者の所得税法施行令等に基づく障害者控除対象者認定書交付に関する要綱,2006-11-10,2024-10-25,https://www1.g-reiki.net/city.yasugi/reiki_honbun/r072RG00000963.html,2026-08-27
323438,島根県,奥出雲町,読めた,,Ⅱa,,,Ⅳ,B1,奥出雲町障害者控除対象者認定書交付要領,2007-12-01,2022-04-01,https://www.town.okuizumo.shimane.jp/reiki/reiki_int/reiki_honbun/r184RG00000701.html,2026-08-27
324418,島根県,川本町,読めた,,Ⅱb,A1,,Ⅲa,,老齢者の所得税法施行令等に基づく障害者控除にかかる認定書交付の取扱い要綱,2002-11-29,2002-11-29,https://www.town.shimane-kawamoto.lg.jp/reiki/reiki_honbun/m137RG00000345.html,2026-08-27
324485,島根県,美郷町,読めた,,Ⅱb,A1,,Ⅲa,,美郷町老齢者の所得税法施行令等に基づく障害者控除に係る認定書交付の取扱規程,2004-10-01,2004-10-01,https://gov.town.shimane-misato.lg.jp/reiki_int/reiki_honbun/r071RG00000360.html,2026-08-27
324493,島根県,邑南町,読めた,,Ⅱb,A1,,Ⅲa,,邑南町老齢者の所得税法施行令等に基づく障害者控除に係る認定書交付の取扱いに関する要綱,2004-10-01,2020-03-31,https://www1.g-reiki.net/town.ohnan/reiki_honbun/r073RG00000290.html,2026-08-27
325058,島根県,吉賀町,読めた,,,A1,,,B1,吉賀町障害者控除対象者の認定に関する要綱,2019-01-29,2022-07-01,https://www1.g-reiki.net/yoshika/reiki_honbun/r128RG00001145.html,2026-08-27
331007,岡山県,岡山市,判定ランクを公表していない,,,,,,,,,,https://www.city.okayama.jp/kurashi/0000007341.html,2026-08-27
332046,岡山県,玉野市,読めた(本文の文章から),,,,要介護1,Ⅱa,,玉野市障害者控除対象者認定事務取扱要綱,2008-12-04,2012-12-31,https://www1.g-reiki.net/city.tamano/reiki_honbun/m205RG00000453.html,2026-08-27
332054,岡山県,笠岡市,基準表が本文に無い,,,,,,,笠岡市介護保険要介護認定者に対する障害者控除対象者に準ずる認定に関する要綱,2007-12-13,2021-03-26,http://www.city.kasaoka.okayama.jp/reiki_int/reiki_honbun/m206RG00000983.html,2026-08-27
332097,岡山県,高梁市,読めた,要介護1,,,要介護4,,,高梁市障害者控除対象者認定事務取扱要綱,2018-12-19,2020-12-11,https://www.city.takahashi.lg.jp/reiki_int/reiki_honbun/r052RG00001316.html,2026-08-27
332127,岡山県,瀬戸内市,基準表が本文に無い,,,,,,,瀬戸内市高齢者の障害者控除対象者認定書交付事務取扱要綱,2006-03-31,2021-06-28,https://www1.g-reiki.net/setouchi/reiki_honbun/r057RG00000718.html,2026-08-27
332135,岡山県,赤磐市,読めた(本文の文章から),,,,要介護3,,,赤磐市介護保険要介護認定者に係る所得税及び住民税の障害者控除対象者認定実施要綱,2005-03-07,2022-01-11,https://www1.g-reiki.net/akaiwa_reiki/reiki_honbun/r137RG00000445.html,2026-08-27
332143,岡山県,真庭市,読めた(別表から),要介護1,Ⅲa,A2,,,,真庭市障害者控除対象者認定に関する規程,2007-11-27,2025-03-31,https://www.city.maniwa.lg.jp/reiki/reiki_honbun/r142RG00001037.html,2026-08-27
336637,岡山県,久米南町,読めた,要介護3,Ⅲa,B1,要介護4,Ⅳ,,久米南町障害者控除対象者認定に関する要綱,2019-06-26,2022-04-01,http://reiki.town.kumenan.okayama.jp/reiki_honbun/m277RG00000842.html,2026-08-27
336661,岡山県,美咲町,読めた,要介護1,Ⅰ,J1,,,,美咲町障害者控除対象者認定実施要綱,2006-01-19,2022-03-31,https://www.town.okayama-misaki.lg.jp/section/reiki_int/reiki_honbun/r143RG00000629.html,2026-08-27
336815,岡山県,吉備中央町,読めた,,,A1,,Ⅲa,,吉備中央町障害者控除対象者認定事務取扱要綱,2010-12-27,2025-05-07,https://www.town.kibichuo.lg.jp/reiki/reiki_honbun/r056RG00000676.html,2026-08-27
341002,広島県,広島市,判定ランクを公表していない,,,,,,,,,,https://www.city.hiroshima.lg.jp/site/koureisha/5934.html,2026-08-27
342114,広島県,大竹市,基準表が本文に無い,,,,,,,大竹市障害者控除対象者認定事務取扱要綱,2014-02-01,2014-02-01,https://www1.g-reiki.net/city.otake.hiroshima/reiki_honbun/m312RG00000842.html,2026-08-27
342122,広島県,東広島市,読めた,,,J1,,,C1,東広島市高齢者における障害者控除対象者認定事務取扱要綱,2008-10-31,2021-04-01,http://www.city.higashihiroshima.lg.jp/reiki_int/reiki_honbun/m313RG00000507.html,2026-08-27
342149,広島県,安芸高田市,読めた(本文の文章から),,Ⅰ,,,,,安芸高田市障害者控除対象者認定事務実施要綱,2004-12-08,2021-07-30,https://www.akitakata.jp/reiki/reiki_honbun/r382RG00000783.html,2026-08-27
343072,広島県,熊野町,読めた,,Ⅰ,A1,,Ⅰ,B1,熊野町障害者控除対象者認定実施要綱,2008-12-26,2017-10-17,https://www.town.kumano.lg.jp/section/reiki/reiki_int/reiki_honbun/m317RG00000398.html,2026-08-27
343684,広島県,安芸太田町,読めた,,,A1,,,B1,安芸太田町障害者控除対象者認定書交付要綱,2006-12-25,2020-06-25,http://www.akiota.jp/reiki/H418902500077/H418902500077_j.html,2026-08-27
343692,広島県,北広島町,読めた(本文の文章から),,Ⅰ,C1,,,,老齢者における障害者控除対象者認定事務取扱要綱,2008-11-07,2008-11-07,https://www.town.kitahiroshima.lg.jp/rw-data/reiki_int/reiki_honbun/u303RG00000527.html,2026-08-27
352152,山口県,周南市,読めた,,,A1,,M,B1,周南市障害者控除対象者認定に関する取扱要綱,2007-03-23,2023-02-10,https://en3-jg.d1-law.com/shunan/d1w_reiki/H419902600009/H419902600009_j.html,2026-08-27
362026,徳島県,鳴門市,読めた,要介護1,Ⅱa,A1,要介護4,Ⅲa,,鳴門市障害者控除対象者認定に関する要綱,2007-12-20,2025-03-31,https://www.city.naruto.tokushima.jp/contents/reiki_int/reiki_honbun/o003RG00000804.html,2026-08-27
362042,徳島県,阿南市,基準表が本文に無い,,,,,,,阿南市個人番号の利用及び特定個人情報の提供に関する条例,2015-12-25,2025-06-24,https://www1.g-reiki.net/anan/reiki_honbun/o005RG00000891.html,2026-08-27
362077,徳島県,美馬市,読めた,,Ⅱa,A1,,,B1,美馬市障害者控除対象者認定要綱,2010-12-01,2021-08-01,https://www.city.mima.lg.jp/reiki_int/reiki_honbun/r096RG00000797.html,2026-08-27
363413,徳島県,石井町,読めた,,Ⅱa,A1,,Ⅲa,,石井町介護保険要介護認定者に対する障害者控除対象者に準ずる認定に関する要綱,2008-10-28,2025-12-26,https://www.town.ishii.lg.jp/reiki/reiki_honbun/o009RG00000414.html,2026-08-27
363685,徳島県,那賀町,読めた(本文の文章から),,,,要介護1,,,那賀町介護保険要介護認定者に対する障害者控除対象者に準ずる認定に関する要綱,2007-01-04,2007-01-04,https://www1.g-reiki.net/town.tokushima-naka/reiki_honbun/r093RG00000447.html,2026-08-27
363871,徳島県,美波町,読めた(本文の文章から),,,,要介護1,Ⅲa,B1,美波町介護保険要介護認定者に対する障害者控除対象者に準ずる認定に関する要綱,2013-01-01,2022-03-18,https://www.town.minami.lg.jp/reiki_int/reiki_honbun/r258RG00000530.html,2026-08-27
364029,徳島県,北島町,読めた,,Ⅱa,A1,,Ⅲa,,北島町高齢者の障害者控除対象者の認定書発行に関する要綱,2011-07-25,2019-04-26,https://www.town.kitajima.lg.jp/reiki/reiki_honbun/o025RG00000409.html,2026-08-27
364045,徳島県,板野町,読めた,要介護1,Ⅱa,A1,要介護4,Ⅲa,,板野町障害者控除対象者認定に関する要綱,2013-11-13,2016-03-24,http://ns.town.itano.tokushima.jp/reiki/reiki_honbun/h900RG00000480.html,2026-08-27
364894,徳島県,東みよし町,読めた,要介護4,,B1,要介護4,Ⅳ,,東みよし町高齢者の特別障害者控除対象者認定事務取扱要綱,2012-01-25,2012-01-25,https://www.town.higashimiyoshi.lg.jp/reiki/reiki_honbun/r259RG00000470.html,2026-08-27
372021,香川県,丸亀市,基準表が本文に無い,,,,,,,丸亀市障害者控除対象者認定要綱,2009-03-25,2022-02-08,https://lg.joureikun.jp/marugame_city/reiki/act/110000784.html,2026-08-27
372030,香川県,坂出市,読めた,,,B1,,,C1,坂出市障害者控除対象者認定要綱,2011-12-01,2016-01-13,https://en3-jg.d1-law.com/sakaide/d1w_reiki/H423902600101/H423902600101_j.html,2026-08-27
372056,香川県,観音寺市,表が読めない,,,,,,,観音寺市障害者控除対象者認定書交付事務取扱要綱,2006-12-19,2020-12-24,https://www.city.kanonji.kagawa.jp/d1w_reiki/H418902500123/H418902500123_j.html,2026-08-27
372064,香川県,さぬき市,基準表が本文に無い,,,,,,,さぬき市老齢者に係る所得税法及び地方税法上の障害者認定に関する取扱要綱,2003-01-15,2022-03-31,https://www.city.sanuki.lg.jp/section/reiki_int/reiki_honbun/o111RG00000916.html,2026-08-27
372072,香川県,東かがわ市,読めた,要介護2,,,要介護4,,,東かがわ市高齢者の障害者控除対象者認定書交付事務取扱要綱,2008-04-01,2023-03-31,https://en3-jg.d1-law.com/higashikagawa/d1w_reiki/H420902500050/H420902500050_j.html,2026-08-27
373222,香川県,土庄町,読めた,要介護1,Ⅱa,B1,要介護4,,,土庄町障害者控除認定実施要綱,2023-12-27,2024-12-19,https://www.town.tonosho.kagawa.jp/section/reiki_int/reiki_honbun/o116RG00001021.html,2026-08-27
373648,香川県,直島町,読めた(別表から),要介護1,Ⅲa,A2,,,,直島町障害者控除対象者認定要綱,2012-03-01,2019-03-29,http://www.town.naoshima.lg.jp/reiki_int/reiki_honbun/o124RG00000319.html,2026-08-27
373877,香川県,綾川町,読めた,,Ⅱa,,,Ⅳ,B1,綾川町障害者控除対象者認定要綱,2015-11-01,2021-03-31,https://www.town.ayagawa.lg.jp/reiki02/reiki_honbun/r263RG00000718.html,2026-08-27
374041,香川県,多度津町,読めた(別表から),要介護1,,,,,,多度津町地域活動支援センター事業実施要綱,2006-09-27,2024-07-31,https://www1.g-reiki.net/town.tadotsu/reiki_honbun/o134RG00000666.html,2026-08-27
374067,香川県,まんのう町,基準表が本文に無い,,,,,,,まんのう町障害者控除対象者認定要綱,2013-01-01,2022-04-01,https://www1.g-reiki.net/town.manno/reiki_honbun/r261RG00000572.html,2026-08-27
382159,愛媛県,東温市,読めた,,Ⅰ,J1,,,B1,東温市障害者控除対象者認定事務取扱基準,2026-03-27,2026-03-27,https://www1.g-reiki.net/city.toon.ehime/reiki_honbun/r033RG00001234.html,2026-08-27
383562,愛媛県,上島町,読めた,,Ⅰ,J1,,,B1,上島町障害者控除対象者認定に関する要綱,2024-03-06,2024-03-06,https://www.town.kamijima.lg.jp/reiki_int/reiki_honbun/r034RG00001023.html,2026-08-27
384224,愛媛県,内子町,基準表が本文に無い,,,,,,,内子町における６５歳以上の者への障害者控除対象者認定書の交付に関する要綱,2006-12-01,2025-03-27,https://www1.g-reiki.net/town.uchiko/reiki_honbun/r062RG00000708.html,2026-08-27
384844,愛媛県,松野町,読めた,,Ⅱa,B1,,Ⅳ,,松野町障害者控除対象者認定書交付要綱,2008-12-26,2022-05-18,https://www1.g-reiki.net/town.matsuno.ehime/reiki_honbun/o264RG00000516.html,2026-08-27
385069,愛媛県,愛南町,読めた,要介護3,,A1,要介護3,Ⅱa,,愛南町障害者控除対象者の認定に関する要綱,2026-03-02,2026-03-02,https://en3-jg.d1-law.com/ainan/d1w_reiki/H508902500015/H508902500015_j.html,2026-08-27
392111,高知県,香南市,基準表が本文に無い,,,,,,,香南市障害者控除対象者認定事務の処理に関する要綱,2007-02-19,2022-03-25,https://www.city.kochi-konan.lg.jp/section/reiki_int/reiki_honbun/r254RG00001000.html,2026-08-27
393011,高知県,東洋町,読めた,,Ⅱa,A1,,,B1,東洋町障害者控除対象者認定要綱,2010-12-15,2024-03-15,http://web.town.toyo.kochi.jp/joho/reiki_int/reiki_honbun/g900RG00000471.html,2026-08-27
393444,高知県,大豊町,基準表が本文に無い,,,,,,,大豊町要介護認定者の障害者控除対象者の認定に関する要綱,2010-01-01,2010-01-01,https://en3-jg.d1-law.com/otoyo/d1w_reiki/H422902600001.001/H422902600001.001_j.html,2026-08-27
393631,高知県,土佐町,読めた,要介護1,Ⅱa,A1,要介護4,Ⅱa,,土佐町要介護認定者に係る障害者控除対象者認定書交付要綱,2012-12-03,2012-12-03,http://www.town.tosa.kochi.jp/reiki/H424902200065/H424902200065_j.html,2026-08-27
393878,高知県,仁淀川町,基準表が本文に無い,,,,,,,障害者控除の対象となる介護認定者の事務処理要領,2017-12-27,2025-09-01,https://www.town.niyodogawa.lg.jp/reiki/reiki_honbun/r191RG00000676.html,2026-08-27
401005,福岡県,北九州市,基準が読み取れない,,,,,,,,,,https://www.city.kitakyushu.lg.jp/contents/924_10966.html,2026-08-27
401307,福岡県,福岡市,基準が読み取れない,,,,,,,,,,https://www.city.fukuoka.lg.jp/fukushi/oldage-welfare/health/4-010103-2.html,2026-08-27
402036,福岡県,久留米市,基準表が本文に無い,,,,,,,久留米市公印規則,1953-12-15,2026-03-10,http://www1.city.kurume.fukuoka.jp/reiki_int/reiki_honbun/q005RG00000107.html,2026-08-27
402052,福岡県,飯塚市,読めた,,Ⅱa,A2,,Ⅲa,,飯塚市障がい者控除対象者認定要綱,2012-04-11,2026-03-26,https://www1.g-reiki.net/city.iizuka/reiki_honbun/r320RG00001345.html,2026-08-27
402079,福岡県,柳川市,読めた,,Ⅱa,B1,,Ⅲa,,柳川市障害者控除対象者認定要綱,2007-12-17,2023-12-25,https://www.city.yanagawa.fukuoka.jp/reiki_int/reiki_honbun/r203RG00000849.html,2026-08-27
402109,福岡県,八女市,基準表が本文に無い,,,,,,,八女市事務決裁規程,2003-03-28,2026-03-31,https://www.city.yame.fukuoka.jp/section/reiki/reiki_honbun/q012RG00000063.html,2026-08-27
402141,福岡県,豊前市,読めた,,Ⅱb,A2,,Ⅲa,,豊前市高齢者に係る障害者控除対象者認定書交付事務処理要綱,2007-03-30,2016-12-21,https://en3-jg.d1-law.com/buzen/d1w_reiki/H419902500038/H419902500038_j.html,2026-08-27
402273,福岡県,嘉麻市,読めた,要介護2,Ⅲa,B1,要介護4,Ⅳ,C1,嘉麻市障がい者控除対象者認定規程,2020-12-15,2020-12-15,https://www1.g-reiki.net/city.kama/reiki_honbun/r396RG00001279.html,2026-08-27
402290,福岡県,みやま市,読めた,,Ⅱa,A1,,Ⅳ,,みやま市障害者控除対象者認定事務処理要領,2008-12-01,2021-11-01,https://www1.g-reiki.net/city.miyama/reiki_honbun/r377RG00000633.html,2026-08-27
403059,福岡県,那珂川市,読めた(別表から),,,,要支援1,,,老齢者における障害者控除認定基準取扱い要領,2006-12-01,2018-06-27,https://www1.g-reiki.net/city.nakagawa/reiki_honbun/r410RG00000716.html,2026-08-27
403415,福岡県,宇美町,読めた,要介護1,,,要介護4,,C1,宇美町障害者控除対象者認定に関する事務取扱要綱,2013-11-15,2023-02-08,http://public.joureikun.jp/umi_town/reiki/act/110000719.html,2026-08-27
403423,福岡県,篠栗町,読めた,要介護1,Ⅱa,A1,要介護4,Ⅳ,,篠栗町高齢者の障害者控除対象者認定に関する事務取扱要綱,2007-12-25,2021-03-23,https://www1.g-reiki.net/town.sasaguri/reiki_honbun/q028RG00000477.html,2026-08-27
403440,福岡県,須恵町,要確認(順序が逆転),要介護4,,,要介護1,,,須恵町要介護認定による障害者控除認定要綱,2007-12-15,2022-04-01,https://www1.g-reiki.net/sue/reiki_honbun/q030RG00000494.html,2026-08-27
403482,福岡県,久山町,読めた,要介護1,Ⅱa,A1,要介護4,Ⅱa,,久山町高齢者の障害者控除対象者認定に関する事務取扱要綱,2018-01-17,2021-04-22,https://www1.g-reiki.net/town.hisayama/reiki_honbun/q032RG00000674.html,2026-08-27
403491,福岡県,粕屋町,基準表が本文に無い,,,,,,,粕屋町高齢者の障害者控除対象者認定書交付事務に関する要綱,2007-11-22,2022-02-17,https://public1.legalcrud.com/kasuya_town/reiki/act/110000569.html,2026-08-27
405442,福岡県,広川町,読めた,,,A1,,Ⅳ,,広川町高齢者の所得税法施行令等に基づく障害者控除対象者の認定に関する取扱規程,2006-12-04,2022-03-30,https://www1.g-reiki.net/town.hirokawa.fukuoka/reiki_honbun/q073RG00000475.html,2026-08-27
406015,福岡県,香春町,読めた,要介護3,Ⅲa,B1,要介護5,Ⅳ,,香春町高齢者における障がい者控除対象者認定書交付要綱,2009-01-23,2022-07-04,https://www1.g-reiki.net/kawara/reiki_honbun/q081RG00000531.html,2026-08-27
406058,福岡県,川崎町,読めた,要介護3,Ⅲa,B1,要介護5,Ⅳ,,川崎町高齢者における障害者控除対象者認定書交付要綱,2008-12-01,2008-12-01,https://www.town-kawasaki.com/reiki_int/reiki_honbun/q085RG00000431.html,2026-08-27
406091,福岡県,赤村,読めた,要介護3,Ⅲa,B1,要介護5,Ⅳ,,赤村高齢者における障がい者控除対象者認定書交付取扱い要綱,2008-04-01,2023-02-01,http://www.akamura.net/reiki/reiki_honbun/q089RG00000434.html,2026-08-27
406104,福岡県,福智町,読めた,要介護3,Ⅲa,B1,要介護4,Ⅳ,,福智町老齢者における障害者控除対象者認定書交付取扱い要領,2008-10-30,2023-03-10,https://www1.g-reiki.net/fukuchi/reiki_honbun/r318RG00000459.html,2026-08-27
406210,福岡県,苅田町,読めた,,,A1,,Ⅳ,,苅田町における老齢者の障害者控除対象者の認定に関する取扱規程,2006-06-27,2006-06-27,https://www1.g-reiki.net/town.kanda/reiki_honbun/q090RG00000403.html,2026-08-27
406252,福岡県,みやこ町,読めた,,,A1,,Ⅳ,,みやこ町における老齢者の障害者控除対象者の認定に関する取扱規程,2006-12-28,2017-03-24,https://www1.g-reiki.net/town.miyako/reiki_honbun/r319RG00000573.html,2026-08-27
406473,福岡県,築上町,読めた,,Ⅱb,A2,,Ⅲa,,築上町高齢者に係る障害者控除対象者認定書交付事務処理要綱,2021-05-21,2024-04-01,https://en3-jg.d1-law.com/chikujo/d1w_reiki/H503902500044/H503902500044_j.html,2026-08-27
412091,佐賀県,嬉野市,読めた,,Ⅲa,,,Ⅳ,,嬉野市障害者控除対象者認定実施要綱,2006-12-25,2016-03-31,https://www1.g-reiki.net/city.ureshino/reiki_honbun/r277RG00000690.html,2026-08-27
412104,佐賀県,神埼市,読めた,,Ⅲa,B1,,Ⅳ,,神埼市障害者控除対象者認定事務取扱要綱,2008-01-01,2021-02-25,https://www.city.kanzaki.saga.jp/reiki_int/reiki_honbun/r305RG00000556.html,2026-08-27
413411,佐賀県,基山町,要確認(順序が逆転),,Ⅲa,B1,,Ⅳ,A1,基山町障害者控除対象者認定実施要綱,2008-09-30,2020-09-16,https://www.town.kiyama.lg.jp/static/reiki/H420902500103/H420902500103_j.html,2026-08-27
414018,佐賀県,有田町,読めた(本文の文章から),,Ⅲa,B1,,Ⅳ,C1,有田町障害者控除対象者認定事務取扱要綱,2016-01-29,2024-03-29,http://www.town.arita.lg.jp/reiki_int/reiki_honbun/r306RG00000822.html,2026-08-27
414417,佐賀県,太良町,読めた(本文の文章から),,Ⅱa,,,Ⅳ,C1,太良町障害者控除対象者認定に関する要綱,2019-12-13,2024-03-19,https://www1.g-reiki.net/town.tara/reiki_honbun/q248RG00000958.html,2026-08-27
422096,長崎県,対馬市,読めた,,Ⅱa,A1,,Ⅳ,,対馬市障害者控除対象者認定事務取扱要綱,2009-11-25,2024-03-22,https://www.city.tsushima.nagasaki.jp/section/reiki_int/reiki_honbun/r013RG00000829.html,2026-08-27
422100,長崎県,壱岐市,読めた,,Ⅲa,B1,,Ⅳ,,壱岐市障害者控除対象者認定事務取扱要綱,2010-07-01,2016-04-01,https://www.city.iki.nagasaki.jp/section/reiki/reiki_honbun/r014RG00000954.html,2026-08-27
422126,長崎県,西海市,読めた,,Ⅲa,B1,,Ⅳ,C1,西海市障害者控除対象者認定事務取扱要綱,2009-02-12,2016-03-18,https://en3-jg.d1-law.com/saikai/d1w_reiki/H421902500002/H421902500002_j.html,2026-08-27
423076,長崎県,長与町,読めた(本文の文章から),要介護1,,,,,,長与町障害者控除対象者認定及び認定証明書交付に関する規則,2007-12-28,2021-10-22,https://webtown.nagayo.jp/reiki/reiki_honbun/q316RG00000542.html,2026-08-27
423084,長崎県,時津町,基準表が本文に無い,,,,,,,時津町障害者控除対象者認定要綱,2008-12-26,2024-02-16,https://www1.g-reiki.net/town.togitsu/reiki_honbun/q317RG00000677.html,2026-08-27
423211,長崎県,東彼杵町,読めた,要介護1,Ⅱa,A1,要介護4,Ⅱa,,東彼杵町要介護認定者に係る障害者控除対象者に準ずる認定要綱,2012-11-19,2023-03-31,https://www.town.higashisonogi.lg.jp/section/reiki_int/reiki_honbun/q325RG00000418.html,2026-08-27
423220,長崎県,川棚町,読めた,要介護1,Ⅱa,A1,要介護4,Ⅱa,,川棚町要介護認定者に係る障害者控除対象者に準ずる認定要綱,2012-11-26,2022-03-01,https://www1.g-reiki.net/kawatana/reiki_honbun/q326RG00000506.html,2026-08-27
431001,熊本県,熊本市,判定ランクを公表していない,,,,,,,,,,https://www.city.kumamoto.jp/kiji0031779/index.html,2026-08-27
432024,熊本県,八代市,読めた,,Ⅱa,A1,,Ⅳ,A1,八代市障害者控除対象者認定事務取扱要綱,2007-02-06,2024-10-31,http://www.city.yatsushiro.lg.jp/reiki/reiki_honbun/r371RG00000914.html,2026-08-27
432032,熊本県,人吉市,読めた,,Ⅱb,B1,,Ⅳ,,人吉市障害者控除対象者認定要項,2007-12-05,2021-09-30,https://www.city.hitoyoshi.lg.jp/reiki/reiki_honbun/q404RG00000786.html,2026-08-27
432041,熊本県,荒尾市,読めた,,Ⅲa,B1,,Ⅳ,,荒尾市障害者控除対象者認定要綱,2021-12-24,2021-12-24,https://en3-jg.d1-law.com/arao-shi/d1w_reiki/H503902500145/H503902500145_j.html,2026-08-27
432105,熊本県,菊池市,読めた,,Ⅲa,B1,,Ⅳ,,菊池市障害者控除対象者認定事務取扱要綱,2006-12-01,2022-06-28,https://www1.g-reiki.net/city.kikuchi/reiki_honbun/r190RG00000761.html,2026-08-27
432113,熊本県,宇土市,読めた(本文の文章から),,Ⅱa,A1,,Ⅳ,B1,宇土市障害者控除対象者認定に関する要綱,2006-12-01,2022-04-08,https://www1.g-reiki.net/uto-city/reiki_honbun/m100RG00000900.html,2026-08-27
432121,熊本県,上天草市,表が読めない,,,,,,,上天草市障害者控除対象者認定要綱,2007-03-16,2022-03-31,https://en3-jg.d1-law.com/kamiamakusa/d1w_reiki/H419902500020/H419902500020_j.html,2026-08-27
432130,熊本県,宇城市,読めた(本文の文章から),,Ⅱa,A1,,Ⅳ,B1,宇城市障害者控除対象者認定に関する要綱,2007-01-26,2021-03-16,https://www1.g-reiki.net/uki/reiki_honbun/r177RG00000709.html,2026-08-27
432156,熊本県,天草市,表が読めない,,,,,,,天草市障害者控除対象者認定要綱,2007-01-12,2022-03-30,http://www2.city.amakusa.kumamoto.jp/reiki/reiki_honbun/r351RG00000985.html,2026-08-27
433489,熊本県,美里町,読めた(本文の文章から),,Ⅱa,A1,,Ⅳ,B1,美里町障害者控除対象者認定に関する要綱,2012-11-20,2016-03-31,https://www.town.kumamoto-misato.lg.jp/section/reiki_int/reiki_honbun/r164RG00000653.html,2026-08-27
433641,熊本県,玉東町,読めた,,Ⅲa,B1,,Ⅳ,,玉東町障害者控除対象者認定要綱,2009-12-01,2024-11-11,https://www.town.gyokuto.kumamoto.jp/reiki/reiki_honbun/q425RG00000351.html,2026-08-27
433675,熊本県,南関町,読めた,,Ⅲa,B1,,Ⅳ,,南関町障害者控除対象者認定要綱,2009-11-30,2016-05-30,https://www1.g-reiki.net/town.nankan/reiki_honbun/q428RG00000568.html,2026-08-27
433683,熊本県,長洲町,基準表が本文に無い,,,,,,,長洲町障害者控除対象者認定要綱,2009-12-01,2009-12-01,https://public.joureikun.jp/nagasu_town/reiki/act/110000728.html,2026-08-27
433691,熊本県,和水町,読めた,,Ⅲa,B1,,Ⅳ,,和水町障害者控除対象者認定要綱,2009-12-01,2016-03-23,https://www.town.nagomi.lg.jp/nagomitown/reiki/reiki_honbun/r309RG00000551.html,2026-08-27
434043,熊本県,菊陽町,読めた,,Ⅲa,B1,,Ⅳ,,菊陽町障害者控除対象者認定事務取扱要綱,2006-12-22,2006-12-22,https://www1.g-reiki.net/kikuyo/reiki_honbun/q438RG00000679.html,2026-08-27
434281,熊本県,高森町,読めた,,Ⅲa,B1,,Ⅳ,,高森町障害者控除対象者認定事務取扱要綱,2015-01-30,2016-03-31,https://www1.g-reiki.net/takamori/reiki_honbun/r370RG00000728.html,2026-08-27
434329,熊本県,西原村,読めた,,Ⅲa,B1,,Ⅳ,,西原村障害者控除対象者認定事務取扱要綱,2011-12-08,2011-12-08,https://www.vill.nishihara.kumamoto.jp/reiki/reiki_honbun/q453RG00000560.html,2026-08-27
434337,熊本県,南阿蘇村,読めた,,Ⅲa,B1,,Ⅳ,,南阿蘇村介護保険制度における障害者控除対象者認定事務取扱要綱,2012-12-22,2024-12-24,https://www.vill.minamiaso.lg.jp/reiki_int/reiki_honbun/r091RG00000697.html,2026-08-27
434418,熊本県,御船町,読めた,要介護1,,,要介護4,,,御船町介護保険制度における障害者控除対象者認定要綱,2015-12-17,2022-03-29,https://www1.g-reiki.net/mifune/reiki_honbun/q454RG00000619.html,2026-08-27
434426,熊本県,嘉島町,読めた,要介護1,,,要介護4,,,嘉島町介護保険障害者控除対象者認定要綱,2007-12-28,2026-02-01,https://www.town.kumamoto-kashima.lg.jp/reiki/reiki_honbun/q455RG00000392.html,2026-08-27
434442,熊本県,甲佐町,読めた(本文の文章から),,,,要介護1,,,甲佐町要介護認定者に対する障がい者控除対象者に準ずる認定に関する要綱,2007-01-23,2016-01-13,https://www.town.kosa.lg.jp/reiki_int/reiki_honbun/q457RG00000319.html,2026-08-27
434477,熊本県,山都町,読めた,要介護1,,,要介護4,,,山都町介護保険障害者控除対象者認定要綱,2019-02-04,2019-02-04,https://www.town.kumamoto-yamato.lg.jp/reiki/reiki_honbun/r202RG00000848.html,2026-08-27
434825,熊本県,芦北町,要確認(順序が逆転),要介護1,Ⅲa,B1,要介護4,,A1,芦北町障害者控除対象者認定事務取扱要綱,2011-03-31,2016-03-31,https://www.town.ashikita.lg.jp/assets/reiki/reiki_honbun/r172RG00000780.html,2026-08-27
434841,熊本県,津奈木町,読めた,,Ⅱb,B1,,Ⅳ,,津奈木町障害者控除対象者認定事務取扱要綱,2011-02-22,2016-03-28,https://www.town.tsunagi.lg.jp/reiki_int/reiki_honbun/q469RG00000516.html,2026-08-27
435015,熊本県,錦町,基準表が本文に無い,,,,,,,錦町障がい者控除対象者認定要綱,2010-03-30,2016-01-29,https://www.town.kumamoto-nishiki.lg.jp/reiki_menu/reiki_honbun/q470RG00000558.html,2026-08-27
435058,熊本県,多良木町,読めた,要介護3,Ⅱa,A1,要介護3,Ⅳ,,多良木町障害者控除対象者認定実施要綱,2007-12-28,2007-12-28,https://en3-jg.d1-law.com/taragi/d1w_reiki/H419902500024/H419902500024_j.html,2026-08-27
435066,熊本県,湯前町,読めた(本文の文章から),,Ⅱa,A1,,Ⅳ,C1,湯前町要介護認定者等に係る障害者控除対象者認定書交付要綱,2009-01-08,2019-01-17,https://www1.g-reiki.net/town.yunomae/reiki_honbun/q475RG00000406.html,2026-08-27
435074,熊本県,水上村,読めた,,Ⅱb,B1,,Ⅳ,,水上村障害者控除対象者認定要綱,2017-03-31,2017-03-31,https://en3-jg.d1-law.com/mizukami/d1w_reiki/H429902500031/H429902500031_j.html,2026-08-27
435104,熊本県,相良村,読めた,,Ⅱb,B1,,Ⅳ,,相良村障害者控除対象者認定要綱,2012-12-28,2022-06-30,https://www.vill.sagara.lg.jp/reiki/reiki_honbun/q479RG00000563.html,2026-08-27
435121,熊本県,山江村,読めた,,Ⅱb,B1,,M,,山江村障がい者控除対象者認定要綱,2012-11-01,2023-12-28,https://www.vill.yamae.lg.jp/section/reiki_int/reiki_honbun/q481RG00000557.html,2026-08-27
435147,熊本県,あさぎり町,読めた(本文の文章から),,,,要介護2,,,あさぎり町障害者控除対象者認定書交付に関する要項,2007-03-05,2021-09-10,https://www.town.asagiri.lg.jp/reiki/reiki_honbun/r002RG00000583.html,2026-08-27
442038,大分県,中津市,読めた,,Ⅰ,A1,,Ⅰ,B1,中津市障害者控除対象者認定実施要綱,2007-12-21,2022-02-09,https://www.city-nakatsu.jp/d1w_reiki/H419902500247/H419902500247_j.html,2026-08-27
442054,大分県,佐伯市,読めた(本文の文章から),,Ⅱa,A1,,Ⅲa,A1,佐伯市障害者控除対象者認定事務取扱要綱,2007-03-30,2021-02-26,https://www.city.saiki.oita.jp/reiki/reiki_honbun/r159RG00001104.html,2026-08-27
442062,大分県,臼杵市,読めた,,Ⅰ,A1,,Ⅰ,C1,臼杵市障害者控除対象者認定に関する実施要綱,2006-11-30,2022-03-23,https://www1.g-reiki.net/city.usuki/reiki_honbun/r083RG00000872.html,2026-08-27
442089,大分県,竹田市,読めた,,Ⅲa,A1,,,C1,竹田市障害者控除対象者認定事務取扱要綱,2008-10-08,2016-04-01,https://www.city.taketa.oita.jp/section/reiki/reiki_honbun/r335RG00000934.html,2026-08-27
443417,大分県,日出町,表が読めない,,,,,,,日出町介護保険要介護者等に対する障害者控除対象者の認定に関する要綱,2007-03-06,2021-05-11,https://www.town.hiji.lg.jp/section/d1w_reiki/H419902500009/H419902500009_j.html,2026-08-27
452025,宮崎県,都城市,読めた(本文の文章から),,Ⅱa,A1,,Ⅲa,B1,都城市障害者控除対象者認定に関する規則,2008-11-11,2019-03-04,https://www1.g-reiki.net/mkj/reiki/reiki_int/reiki_honbun/r322RG00001188.html,2026-08-27
452050,宮崎県,小林市,表が読めない,,,,,,,小林市障害者控除対象者認定に関する取扱要綱,2006-03-20,2016-03-25,http://toweb.city.kobayashi.lg.jp/reiki/reiki_honbun/r346RG00000235.html,2026-08-27
452068,宮崎県,日向市,基準表が本文に無い,,,,,,,日向市障害者控除対象者認定に関する要綱,2003-02-01,2025-07-28,https://www.hyugacity.jp/reiki_new/reiki_honbun/q607RG00000838.html,2026-08-27
452084,宮崎県,西都市,読めた(本文の文章から),,Ⅱa,B1,,Ⅲa,C1,西都市障害者控除対象者認定に関する要綱,2008-03-25,2026-03-24,https://www1.g-reiki.net/saito/reiki_honbun/q609RG00000807.html,2026-08-27
453412,宮崎県,三股町,読めた,,,,,,B1,三股町障害者控除対象者認定要綱,2009-12-01,2018-03-29,https://public1.legalcrud.com/mimata_town/reiki/act/110000751.html,2026-08-27
454028,宮崎県,新富町,読めた,,Ⅲb,,,M,,新富町障害者控除対象者認定に関する要綱,2008-02-01,2025-02-26,https://www1.g-reiki.net/shintomi/reiki_honbun/q628RG00000537.html,2026-08-27
454052,宮崎県,川南町,読めた,,Ⅲb,,,M,,川南町障害者控除対象者認定要綱,2010-01-22,2016-03-31,https://en3-jg.d1-law.com/kawaminami/d1w_reiki/H422902500003/H422902500003_j.html,2026-08-27
454061,宮崎県,都農町,読めた,,Ⅲb,,,M,,都農町障害者控除対象者認定に関する要綱,2010-03-24,2023-03-31,https://www.town.tsuno.lg.jp/reiki/reiki_honbun/q632RG00000449.html,2026-08-27
454214,宮崎県,門川町,基準表が本文に無い,,,,,,,門川町障害者控除対象者認定に関する要綱,2005-01-19,2016-12-28,https://www.town.kadogawa.lg.jp/reiki_int/reiki_honbun/q633RG00000476.html,2026-08-27
454427,宮崎県,日之影町,読めた,,,,要介護4,Ⅲa,B1,日之影町障害者控除対象者認定要綱,2010-03-01,2010-03-01,https://en3-jg.d1-law.com/hinokage/d1w_reiki/H422902500013/H422902500013_j.html,2026-08-27
462063,鹿児島県,阿久根市,読めた,,Ⅱa,A1,,Ⅳ,,阿久根市障害者控除対象者認定要綱,2005-12-28,2021-03-03,https://www.city.akune.lg.jp/section/reiki/reiki_honbun/q707RG00000305.html,2026-08-27
462080,鹿児島県,出水市,読めた,,Ⅱa,A1,,Ⅲa,B1,出水市障害者控除対象者認定に関する要綱,2007-08-03,2024-12-04,https://www.city.kagoshima-izumi.lg.jp/reiki_int/reiki_honbun/r334RG00000858.html,2026-08-27
462101,鹿児島県,指宿市,読めた(本文の文章から),,Ⅱa,A1,,Ⅳ,B1,指宿市障害者控除対象者認定事務取扱要綱,2006-09-01,2021-03-30,https://www.city.ibusuki.lg.jp/reiki_int/reiki_honbun/q711RG00000668.html,2026-08-27
462136,鹿児島県,西之表市,読めた(本文の文章から),,Ⅱa,A1,,Ⅳ,B1,西之表市障害者控除対象者認定要領,2003-02-07,2003-02-07,https://www1.g-reiki.net/city.nishinoomote/reiki_honbun/q714RG00000591.html,2026-08-27
462144,鹿児島県,垂水市,読めた(本文の文章から),,Ⅱa,A1,,Ⅳ,B1,垂水市障害者控除対象者認定要綱,2006-10-23,2022-03-31,https://www1.g-reiki.net/city.tarumizu/reiki_honbun/q715RG00000475.html,2026-08-27
462152,鹿児島県,薩摩川内市,表が読めない,,,,,,,薩摩川内市障害者控除対象者認定に関する要綱,2020-07-15,2022-02-04,https://www1.g-reiki.net/city.satsumasendai/reiki_honbun/r054RG00001739.html,2026-08-27
462187,鹿児島県,霧島市,読めた(本文の文章から),,Ⅱa,A1,,Ⅳ,B1,霧島市障害者控除対象者認定要綱,2005-11-07,2025-01-09,https://www1.g-reiki.net/city-kirishima/reiki_honbun/r301RG00000604.html,2026-08-27
462195,鹿児島県,いちき串木野市,読めた(本文の文章から),,,A1,,,B1,いちき串木野市障害者控除対象者認定要綱,2005-10-11,2022-03-29,http://www.city.ichikikushikino.lg.jp/reiki/H417902500049/H417902500049_j.html,2026-08-27
462209,鹿児島県,南さつま市,読めた,,Ⅱa,A1,,Ⅳ,B1,障害者控除対象者の認定に関する事務取扱要綱,2006-11-24,2021-05-31,http://www.city.minamisatsuma.lg.jp/reiki_int/reiki_honbun/r356RG00000752.html,2026-08-27
462217,鹿児島県,志布志市,読めた,,,A1,,,B1,志布志市障害者控除対象者認定要綱,2006-12-28,2022-03-25,https://www1.g-reiki.net/city.shibushi/reiki_honbun/r393RG00000315.html,2026-08-27
462225,鹿児島県,奄美市,読めた(本文の文章から),,Ⅱa,A1,,Ⅳ,B1,奄美市障害者控除対象者認定要綱,2006-12-29,2023-11-01,https://www1.g-reiki.net/city.amami/reiki_honbun/r411RG00000404.html,2026-08-27
462233,鹿児島県,南九州市,読めた(本文の文章から),,Ⅱa,A1,,Ⅳ,B1,南九州市老齢者の所得税，地方税上の障害者控除対象者認定要綱,2007-12-01,2021-04-01,https://www1.g-reiki.net/city.minamikyushu/reiki_honbun/r378RG00000326.html,2026-08-27
462241,鹿児島県,伊佐市,表が読めない,,,,,,,伊佐市障害者控除対象者認定に関する取扱要綱,2008-11-01,2021-09-29,https://www1.g-reiki.net/isa/reiki_honbun/r381RG00000431.html,2026-08-27
463922,鹿児島県,さつま町,読めた,,,A1,,,B1,さつま町障害者控除対象者認定要綱,2005-03-22,2021-10-01,https://www1.g-reiki.net/satsuma/reiki_honbun/r213RG00000334.html,2026-08-27
464520,鹿児島県,湧水町,表が読めない,,,,,,,湧水町障害者控除対象者認定に関する取扱要綱,2008-03-31,2022-02-01,https://www.town.yusui.kagoshima.jp/reiki/reiki_int/reiki_honbun/r220RG00000615.html,2026-08-27
464902,鹿児島県,錦江町,読めた(本文の文章から),,Ⅱa,A1,,Ⅳ,B1,錦江町障害者控除対象者認定要綱,2015-12-01,2015-12-01,http://www.town.kinko.lg.jp/d1w_reiki/H427902500054/H427902500054_j.html,2026-08-27
464911,鹿児島県,南大隅町,読めた(本文の文章から),,Ⅱa,A1,,Ⅳ,B1,南大隅町障害者控除対象者認定要綱,2007-02-01,2016-03-29,https://en3-jg.d1-law.com/minamiosumi/d1w_reiki/H419902500003/H419902500003_j.html,2026-08-27
465011,鹿児島県,中種子町,読めた(本文の文章から),,Ⅱa,A1,,Ⅳ,B1,中種子町障害者控除対象者認定要領,2002-12-01,2022-03-24,http://town.nakatane.kagoshima.jp/naka-reiki/reiki_honbun/q781RG00000454.html,2026-08-27
465020,鹿児島県,南種子町,読めた(本文の文章から),,Ⅱa,A1,,Ⅳ,B1,南種子町障害者控除対象者認定要領,2002-12-25,2009-03-31,https://en3-jg.d1-law.com/minamitane/d1w_reiki/H414902500114/H414902500114_j.html,2026-08-27
465054,鹿児島県,屋久島町,読めた(本文の文章から),,Ⅱa,A1,,Ⅳ,B1,屋久島町障害者控除対象者認定要領,2016-12-12,2016-12-12,https://www1.g-reiki.net/town.yakushima.kagoshima/reiki_honbun/r413RG00000490.html,2026-08-27
465259,鹿児島県,瀬戸内町,読めた(本文の文章から),,Ⅱa,A1,,Ⅳ,B1,瀬戸内町障害者控除対象者認定要綱,2012-10-01,2012-10-01,https://www.town.setouchi.lg.jp/reiki/reiki_honbun/q787RG00000605.html,2026-08-27
465356,鹿児島県,与論町,読めた(本文の文章から),要介護1,Ⅱa,A1,要介護4,Ⅳ,A1,与論町障害者控除対象者認定に関する要綱,2007-01-04,2007-01-04,https://www.yoron.jp/reiki/H419902200001/H419902200001_j.html,2026-08-27
472085,沖縄県,浦添市,基準表が本文に無い,,,,,,,浦添市障害者控除対象者認定等実施規程,2006-12-15,2021-05-31,https://www1.g-reiki.net/urasoe/reiki_honbun/q908RG00000563.html,2026-08-27
472131,沖縄県,うるま市,読めた(本文の文章から),,Ⅱa,A1,,Ⅲa,B1,うるま市障害者控除対象者認定実施要綱,2005-04-01,2023-12-08,https://www1.g-reiki.net/uruma/reiki_honbun/r170RG00000584.html,2026-08-27
473014,沖縄県,国頭村,読めた(別表から),要介護1,Ⅱa,,要介護3,Ⅲa,C1,国頭村高齢者における障害者控除対象者認定実施要綱,2014-03-24,2014-03-24,http://lg.joureikun.jp/kunigami_vill/reiki/act/110000916.html,2026-08-27
473022,沖縄県,大宜味村,読めた,要介護1,Ⅱa,A1,要介護3,Ⅲa,,大宜味村老齢者における障害者控除対象者認定実施要綱,2009-12-01,2016-03-28,https://www.vill.ogimi.okinawa.jp/section/reiki_int/reiki_honbun/q913RG00000427.html,2026-08-27
473065,沖縄県,今帰仁村,読めた,,Ⅱa,A1,,Ⅳ,,今帰仁村障害者控除対象者認定実施要綱,2008-02-25,2022-01-20,https://www1.g-reiki.net/nakijin/reiki_honbun/q915RG00000568.html,2026-08-27
473081,沖縄県,本部町,読めた(本文の文章から),,Ⅱa,A1,,Ⅳ,B1,本部町障害者控除対象者認定要綱,2012-02-27,2016-03-14,http://www.reiki.town.motobu.okinawa.jp/reiki_honbun/q916RG00000509.html,2026-08-27
473111,沖縄県,恩納村,基準表が本文に無い,,,,,,,恩納村障害者控除対象者認定実施要領,2009-12-14,2009-12-14,https://www.vill.onna.okinawa.jp/reiki_int/reiki_honbun/q917RG00000562.html,2026-08-27
473138,沖縄県,宜野座村,読めた,,Ⅱa,A1,,M,,宜野座村障害者控除対象者認定実施要綱,2024-12-23,2024-12-23,https://www1.g-reiki.net/vill.ginoza/reiki_honbun/q918RG00000974.html,2026-08-27
473154,沖縄県,伊江村,読めた(本文の文章から),,Ⅱa,A1,,Ⅳ,B1,伊江村障害者控除対象者認定事務取扱要領,2010-03-30,2015-03-31,https://www.iejima.org/reikishu/H422902200006/H422902200006_j.html,2026-08-27
473243,沖縄県,読谷村,読めた(本文の文章から),,Ⅱa,A1,,Ⅳ,B1,読谷村障害者控除対象者認定事務取扱要領,2007-10-30,2007-10-30,https://en3-jg.d1-law.com/yomitan/d1w_reiki/H419909250002/H419909250002_j.html,2026-08-27
473260,沖縄県,北谷町,読めた(本文の文章から),,Ⅱa,A1,,Ⅳ,B1,北谷町障害者控除対象者認定事務取扱要領,2004-01-30,2016-03-04,https://www.chatan.jp/reiki/reiki_honbun/q925RG00000623.html,2026-08-27
473286,沖縄県,中城村,読めた,,Ⅱa,A1,,Ⅳ,,中城村障害者控除対象者認定実施要綱,2021-03-15,2021-03-15,https://www1.g-reiki.net/vill.nakagusuku/reiki_honbun/q927RG00000714.html,2026-08-27
473294,沖縄県,西原町,読めた,,Ⅰ,J1,,Ⅳ,B1,西原町障害者控除対象者認定実施要綱,2004-02-27,2025-05-02,https://www1.g-reiki.net/nishihara/reiki_honbun/q928RG00000569.html,2026-08-27
473481,沖縄県,与那原町,読めた,,Ⅱa,A1,,Ⅲa,,与那原町障害者控除対象者認定事務取扱規程,2022-01-04,2022-01-04,https://www1.g-reiki.net/yonabaru/reiki_honbun/q935RG00001026.html,2026-08-27
