募集回,募集区分,区市町,住宅名,募集戸数,建築年度,エレベーター,入居人数
令和4年5月,若年夫婦・子育て世帯向（定期使用住宅）,三鷹市,上連雀一丁目,2,昭和56,有,３人以上
令和4年5月,若年夫婦・子育て世帯向（定期使用住宅）,世田谷区,上用賀一丁目,1,昭和56,無,３人以上
令和4年5月,居室内で病死等があった住宅,世田谷区,喜多見二丁目,1,昭和50,有,２人以上
令和4年5月,居室内で病死等があった住宅,世田谷区,喜多見二丁目,1,昭和50,有,２人以上
令和4年5月,居室内で病死等があった住宅,八王子市,中野山王三丁目,1,平成15,有,２人以上
令和4年5月,居室内で病死等があった住宅,八王子市,八王子石川町第２,1,平成13,有,２人以上
令和4年5月,若年夫婦・子育て世帯向（定期使用住宅）,八王子市,八王子高倉町第２,2,昭和55,無,３人以上
令和4年5月,居室内で病死等があった住宅,八王子市,多摩ニュータウン上柚木第２,1,平成5,有,２人以上
令和4年5月,居室内で病死等があった住宅,八王子市,多摩ニュータウン鹿島,1,昭和60,無,２人以上
令和4年5月,居室内で病死等があった住宅,八王子市,大和田七丁目,1,昭和51,有,３人以上
令和4年5月,居室内で病死等があった住宅,品川区,八潮五丁目,1,昭和58,無,３人以上
令和4年5月,若年夫婦・子育て世帯向（定期使用住宅）,国分寺市,国分寺内藤一丁目,1,平成3,無,２人以上
令和4年5月,世帯向（一般募集住宅）,国分寺市,富士本三丁目,2,昭和51,無,２人以上
令和4年5月,世帯向（一般募集住宅）,国立市,国立北三丁目,1,昭和63,無,２人以上
令和4年5月,居室内で病死等があった住宅,国立市,国立北三丁目第２,1,平成3,有,３人以上
令和4年5月,若年夫婦・子育て世帯向（定期使用住宅）,国立市,国立東三丁目第２,1,昭和51,無,２人以上
令和4年5月,世帯向（一般募集住宅）,国立市,泉二丁目,1,平成5,有,３人以上
令和4年5月,若年夫婦・子育て世帯向（定期使用住宅）,多摩市,多摩ニュータウン中沢一丁目,2,平成29,有,３人以上
令和4年5月,居室内で病死等があった住宅,多摩市,多摩ニュータウン落合,1,昭和48,無,２人以上
令和4年5月,若年夫婦・子育て世帯向（定期使用住宅）,小平市,上水南町一丁目,3,平成2,無,２人以上
令和4年5月,世帯向（一般募集住宅）,小平市,中島町,2,平成3,有,２人以上
令和4年5月,若年夫婦・子育て世帯向（定期使用住宅）,小平市,中島町,4,平成3,有,２人以上
令和4年5月,世帯向（一般募集住宅）,小平市,大沼町一丁目,2,平成3,有,２人以上
令和4年5月,若年夫婦・子育て世帯向（定期使用住宅）,小平市,大沼町二丁目,1,平成11,無,２人以上
令和4年5月,若年夫婦・子育て世帯向（定期使用住宅）,小平市,大沼町二丁目,2,平成11,無,２人以上
令和4年5月,若年夫婦・子育て世帯向（定期使用住宅）,小平市,小川東町,3,昭和62,無,２人以上
令和4年5月,世帯向（一般募集住宅）,小平市,小川町一丁目,1,昭和63,有,３人以上
令和4年5月,居室内で病死等があった住宅,小平市,小川町一丁目,1,昭和63,有,３人以上
令和4年5月,居室内で病死等があった住宅,小平市,小平仲町,1,昭和62,無,２人以上
令和4年5月,若年夫婦・子育て世帯向（定期使用住宅）,小平市,小平天神町二丁目,1,平成6,有,２人以上
令和4年5月,世帯向（一般募集住宅）,府中市,府中幸町二丁目第３,1,昭和59,無,３人以上
令和4年5月,世帯向（一般募集住宅）,府中市,府中新町一丁目,1,昭和58,無,２人以上
令和4年5月,若年夫婦・子育て世帯向（定期使用住宅）,府中市,府中晴見町二丁目,1,昭和55,無,２人以上
令和4年5月,若年夫婦・子育て世帯向（定期使用住宅）,府中市,府中美好町二丁目第４,1,昭和63,無,２人以上
令和4年5月,居室内で病死等があった住宅,新宿区,戸山ハイツ,1,昭和45,有,２人以上
令和4年5月,若年夫婦・子育て世帯向（定期使用住宅）,日野市,多摩平一丁目,1,昭和57,有,３人以上
令和4年5月,居室内で病死等があった住宅,日野市,日野新町一丁目,1,平成11,有,３人以上
令和4年5月,若年夫婦・子育て世帯向（定期使用住宅）,日野市,落川,1,昭和60,無,２人以上
令和4年5月,居室内で病死等があった住宅,昭島市,拝島町三丁目,1,平成14,有,２人以上
令和4年5月,居室内で病死等があった住宅,昭島市,拝島町三丁目,1,平成14,有,２人以上
令和4年5月,居室内で病死等があった住宅,昭島市,拝島町三丁目,1,平成11,有,２人以上
令和4年5月,居室内で病死等があった住宅,昭島市,拝島町三丁目,1,平成15,有,２人以上
令和4年5月,居室内で病死等があった住宅,昭島市,拝島町三丁目,1,平成7,有,２人以上
令和4年5月,若年夫婦・子育て世帯向（定期使用住宅）,昭島市,昭島東町一丁目,4,昭和50,有,２人以上
令和4年5月,居室内で病死等があった住宅,昭島市,昭島玉川町,1,昭和52,無,２人以上
令和4年5月,世帯向（一般募集住宅）,昭島市,美堀町二丁目,1,平成10,無,２人以上
令和4年5月,居室内で病死等があった住宅,東久留米市,前沢二丁目,1,平成3,有,２人以上
令和4年5月,世帯向（一般募集住宅）,東久留米市,東久留米南町一丁目第２,1,平成20,有,４人以上
令和4年5月,居室内で病死等があった住宅,東久留米市,東久留米幸町一丁目,1,平成11,有,２人以上
令和4年5月,若年夫婦・子育て世帯向（定期使用住宅）,東久留米市,柳窪三丁目,1,平成7,無,２人以上
令和4年5月,世帯向（一般募集住宅）,東大和市,東大和桜が丘三丁目,1,昭和60,無,２人以上
令和4年5月,若年夫婦・子育て世帯向（定期使用住宅）,東大和市,狭山四丁目,2,昭和62,無,２人以上
令和4年5月,世帯向（一般募集住宅）,東村山市,多摩湖町一丁目第２,2,平成4,有,２人以上
令和4年5月,世帯向（一般募集住宅）,東村山市,多摩湖町一丁目第２,1,平成4,有,２人以上
令和4年5月,若年夫婦・子育て世帯向（定期使用住宅）,東村山市,多摩湖町一丁目第２,1,平成4,有,２人以上
令和4年5月,若年夫婦・子育て世帯向（定期使用住宅）,東村山市,多摩湖町一丁目第２,1,平成4,無,２人以上
令和4年5月,世帯向（一般募集住宅）,東村山市,東村山富士見町二丁目,1,平成5,有,３人以上
令和4年5月,世帯向（一般募集住宅）,東村山市,東村山富士見町五丁目,2,昭和58,有,３人以上
令和4年5月,若年夫婦・子育て世帯向（定期使用住宅）,東村山市,東村山栄町三丁目,1,昭和63,有,３人以上
令和4年5月,若年夫婦・子育て世帯向（定期使用住宅）,東村山市,東村山栄町三丁目第２,4,昭和61,無,２人以上
令和4年5月,若年夫婦・子育て世帯向（定期使用住宅）,東村山市,東村山萩山町一丁目,2,昭和60,無,２人以上
令和4年5月,居室内で病死等があった住宅,東村山市,東村山萩山町三丁目,1,昭和58,無,２人以上
令和4年5月,世帯向（一般募集住宅）,東村山市,東村山諏訪町一丁目,1,平成3,有,４人以上
令和4年5月,若年夫婦・子育て世帯向（定期使用住宅）,東村山市,秋津町五丁目,1,昭和56,無,２人以上
令和4年5月,若年夫婦・子育て世帯向（定期使用住宅）,東村山市,美住町一丁目第３,4,平成8,有,２人以上
令和4年5月,居室内で病死等があった住宅,板橋区,前野町三丁目,1,昭和46,無,２人以上
令和4年5月,居室内で病死等があった住宅,板橋区,前野町三丁目,1,昭和46,有,２人以上
令和4年5月,世帯向（一般募集住宅）,板橋区,前野町五丁目,1,昭和48,無,２人以上
令和4年5月,居室内で病死等があった住宅,板橋区,前野町四丁目第２,1,昭和48,有,２人以上
令和4年5月,若年夫婦・子育て世帯向（定期使用住宅）,板橋区,双葉町第２,1,平成3,有,３人以上
令和4年5月,居室内で病死等があった住宅,板橋区,坂下三丁目第２,1,昭和49,有,２人以上
令和4年5月,居室内で病死等があった住宅,板橋区,成増五丁目第２,1,平成22,有,４人以上
令和4年5月,居室内で病死等があった住宅,板橋区,新河岸二丁目,1,昭和46,有,２人以上
令和4年5月,居室内で病死等があった住宅,板橋区,新河岸二丁目,1,昭和45,有,２人以上
令和4年5月,居室内で病死等があった住宅,板橋区,新河岸二丁目,1,昭和46,有,２人以上
令和4年5月,居室内で病死等があった住宅,板橋区,板橋向原一丁目,1,平成4,無,３人以上
令和4年5月,居室内で病死等があった住宅,板橋区,板橋富士見町,1,平成21,有,２人以上
令和4年5月,若年夫婦・子育て世帯向（定期使用住宅）,板橋区,板橋富士見町第２,1,平成19,有,２人以上
令和4年5月,居室内で病死等があった住宅,板橋区,蓮根三丁目,1,昭和50,有,２人以上
令和4年5月,居室内で病死等があった住宅,板橋区,蓮根三丁目,1,昭和50,有,２人以上
令和4年5月,居室内で病死等があった住宅,板橋区,蓮根三丁目,1,昭和50,有,２人以上
令和4年5月,居室内で病死等があった住宅,板橋区,西台,1,昭和45,有,２人以上
令和4年5月,居室内で病死等があった住宅,板橋区,西台,1,昭和45,有,２人以上
令和4年5月,居室内で病死等があった住宅,板橋区,西台,1,昭和45,有,２人以上
令和4年5月,居室内で病死等があった住宅,板橋区,西台,1,昭和45,有,２人以上
令和4年5月,居室内で病死等があった住宅,武蔵村山市,村山,1,平成16,有,２人以上
令和4年5月,居室内で病死等があった住宅,江戸川区,小松川三丁目,1,昭和61,有,２人以上
令和4年5月,居室内で病死等があった住宅,江戸川区,平井七丁目,1,昭和46,有,２人以上
令和4年5月,居室内で病死等があった住宅,江戸川区,東篠崎一丁目第２,1,平成19,有,２人以上
令和4年5月,居室内で病死等があった住宅,江戸川区,東篠崎一丁目第２,1,平成22,有,２人以上
令和4年5月,若年夫婦・子育て世帯向（定期使用住宅）,江戸川区,西瑞江四丁目第２,1,昭和63,有,２人以上
令和4年5月,若年夫婦・子育て世帯向（定期使用住宅）,江戸川区,西瑞江第２,1,昭和55,有,２人以上
令和4年5月,若年夫婦・子育て世帯向（定期使用住宅）,江戸川区,西瑞江第２,1,昭和55,無,３人以上
令和4年5月,居室内で病死等があった住宅,江東区,北砂一丁目第３,1,昭和46,有,２人以上
令和4年5月,居室内で病死等があった住宅,江東区,大島八丁目第２,1,昭和45,有,２人以上
令和4年5月,居室内で病死等があった住宅,江東区,東砂二丁目,1,昭和43,有,２人以上
令和4年5月,居室内で病死等があった住宅,江東区,東砂八丁目第２,1,昭和44,有,２人以上
令和4年5月,若年夫婦・子育て世帯向（定期使用住宅）,清瀬市,松山一丁目,3,昭和57,無,２人以上
令和4年5月,若年夫婦・子育て世帯向（定期使用住宅）,清瀬市,松山三丁目,6,昭和53,無,２人以上
令和4年5月,世帯向（一般募集住宅）,清瀬市,清瀬竹丘三丁目,1,昭和51,有,２人以上
令和4年5月,居室内で病死等があった住宅,清瀬市,清瀬竹丘二丁目,1,平成3,無,２人以上
令和4年5月,世帯向（一般募集住宅）,清瀬市,清瀬野塩,1,平成26,有,３人以上
令和4年5月,居室内で病死等があった住宅,渋谷区,幡ヶ谷二丁目第２,1,昭和45,無,２人以上
令和4年5月,居室内で病死等があった住宅,町田市,山崎町,1,昭和52,有,２人以上
令和4年5月,居室内で病死等があった住宅,町田市,山崎町第２,1,昭和63,無,３人以上
令和4年5月,居室内で病死等があった住宅,町田市,忠生四丁目,1,昭和52,有,２人以上
令和4年5月,居室内で病死等があった住宅,町田市,成瀬,1,昭和51,有,２人以上
令和4年5月,居室内で病死等があった住宅,町田市,木曽森野第１,1,平成3,有,２人以上
令和4年5月,居室内で病死等があった住宅,町田市,森野二丁目第２,1,昭和58,無,２人以上
令和4年5月,居室内で病死等があった住宅,町田市,森野五丁目,1,平成4,有,３人以上
令和4年5月,世帯向（一般募集住宅）,町田市,森野四丁目,1,平成8,有,４人以上
令和4年5月,若年夫婦・子育て世帯向（定期使用住宅）,町田市,玉川学園三丁目,1,平成5,無,２人以上
令和4年5月,居室内で病死等があった住宅,町田市,町田金森一丁目,1,平成3,有,３人以上
令和4年5月,居室内で病死等があった住宅,町田市,金森第１０,1,平成7,有,２人以上
令和4年5月,居室内で病死等があった住宅,町田市,金森第３,1,昭和54,無,２人以上
令和4年5月,居室内で病死等があった住宅,町田市,金森第４,1,昭和58,有,２人以上
令和4年5月,世帯向（一般募集住宅）,立川市,上砂町一丁目,1,平成5,無,４人以上
令和4年5月,若年夫婦・子育て世帯向（定期使用住宅）,立川市,立川一番町五丁目,1,平成24,有,４人以上
令和4年5月,若年夫婦・子育て世帯向（定期使用住宅）,立川市,立川幸町二丁目第５,1,平成4,有,３人以上
令和4年5月,若年夫婦・子育て世帯向（定期使用住宅）,立川市,立川柴崎町一丁目,1,昭和59,無,３人以上
令和4年5月,居室内で病死等があった住宅,立川市,立川栄町五丁目,1,平成3,無,２人以上
令和4年5月,若年夫婦・子育て世帯向（定期使用住宅）,立川市,立川錦町二丁目,1,昭和57,無,３人以上
令和4年5月,居室内で病死等があった住宅,練馬区,光が丘第１,1,昭和55,有,３人以上
令和4年5月,居室内で病死等があった住宅,練馬区,光が丘第２,1,昭和56,有,３人以上
令和4年5月,若年夫婦・子育て世帯向（定期使用住宅）,練馬区,南大泉一丁目,1,平成4,無,３人以上
令和4年5月,若年夫婦・子育て世帯向（定期使用住宅）,練馬区,小竹町二丁目第２,1,昭和59,無,３人以上
令和4年5月,世帯向（一般募集住宅）,練馬区,練馬関町一丁目,1,昭和61,無,２人以上
令和4年5月,若年夫婦・子育て世帯向（定期使用住宅）,練馬区,練馬関町北三丁目第３,1,昭和60,無,３人以上
令和4年5月,若年夫婦・子育て世帯向（定期使用住宅）,練馬区,練馬関町北四丁目第３,1,平成7,無,２人以上
令和4年5月,若年夫婦・子育て世帯向（定期使用住宅）,練馬区,練馬関町北四丁目第４,1,平成12,有,２人以上
令和4年5月,若年夫婦・子育て世帯向（定期使用住宅）,練馬区,練馬関町東一丁目,2,平成2,無,３人以上
令和4年5月,世帯向（一般募集住宅）,葛飾区,亀有二丁目第３,2,昭和55,無,２人以上
令和4年5月,世帯向（一般募集住宅）,葛飾区,亀有二丁目第７,1,昭和59,無,２人以上
令和4年5月,居室内で病死等があった住宅,葛飾区,亀有四丁目,1,平成23,有,２人以上
令和4年5月,世帯向（一般募集住宅）,葛飾区,南水元一丁目第２,3,昭和60,有,３人以上
令和4年5月,居室内で病死等があった住宅,葛飾区,堀切八丁目第２,1,昭和57,無,３人以上
令和4年5月,世帯向（一般募集住宅）,葛飾区,新宿六丁目,1,平成17,有,３人以上
令和4年5月,若年夫婦・子育て世帯向（定期使用住宅）,葛飾区,新宿六丁目,1,平成17,有,２人以上
令和4年5月,居室内で病死等があった住宅,葛飾区,新宿六丁目,1,平成17,有,２人以上
令和4年5月,居室内で病死等があった住宅,葛飾区,東金町二丁目,1,昭和63,有,３人以上
令和4年5月,世帯向（一般募集住宅）,葛飾区,東金町二丁目第２,2,昭和63,有,３人以上
令和4年5月,居室内で病死等があった住宅,葛飾区,東金町二丁目第２,1,昭和63,有,３人以上
令和4年5月,若年夫婦・子育て世帯向（定期使用住宅）,葛飾区,柴又一丁目第３,1,昭和55,無,２人以上
令和4年5月,世帯向（一般募集住宅）,葛飾区,柴又三丁目,1,昭和48,無,２人以上
令和4年5月,世帯向（一般募集住宅）,葛飾区,柴又四丁目,1,昭和48,無,２人以上
令和4年5月,世帯向（一般募集住宅）,葛飾区,白鳥四丁目,1,昭和58,有,２人以上
令和4年5月,居室内で病死等があった住宅,葛飾区,白鳥四丁目,1,昭和58,有,２人以上
令和4年5月,居室内で病死等があった住宅,葛飾区,西亀有一丁目,1,平成19,有,２人以上
令和4年5月,居室内で病死等があった住宅,葛飾区,西亀有二丁目第１６,1,昭和61,無,２人以上
令和4年5月,居室内で病死等があった住宅,葛飾区,西水元二丁目,1,昭和59,有,３人以上
令和4年5月,居室内で病死等があった住宅,葛飾区,高砂四丁目,1,平成20,有,３人以上
令和4年5月,居室内で病死等があった住宅,調布市,調布くすのき,1,昭和49,有,２人以上
令和4年5月,居室内で病死等があった住宅,足立区,保木間第５,1,昭和42,無,２人以上
令和4年5月,居室内で病死等があった住宅,足立区,六ツ木町,1,昭和44,有,２人以上
令和4年5月,居室内で病死等があった住宅,足立区,六ツ木町,1,昭和44,有,２人以上
令和4年5月,居室内で病死等があった住宅,足立区,島根二丁目第２,1,平成7,有,３人以上
令和4年5月,居室内で病死等があった住宅,足立区,弘道二丁目,1,昭和55,有,３人以上
令和4年5月,居室内で病死等があった住宅,足立区,花畑第４,1,昭和46,無,２人以上
令和4年5月,居室内で病死等があった住宅,足立区,花畑第４,1,昭和46,有,２人以上
令和4年5月,居室内で病死等があった住宅,足立区,花畑第４,1,昭和46,有,２人以上
令和4年5月,居室内で病死等があった住宅,足立区,西保木間三丁目,1,昭和48,有,２人以上
令和4年5月,居室内で病死等があった住宅,足立区,西保木間四丁目,1,昭和43,有,２人以上
令和4年5月,居室内で病死等があった住宅,足立区,西新井本町二丁目,1,昭和46,有,２人以上
令和4年5月,若年夫婦・子育て世帯向（定期使用住宅）,足立区,西綾瀬四丁目,2,昭和63,有,３人以上
令和4年5月,若年夫婦・子育て世帯向（定期使用住宅）,足立区,西綾瀬四丁目,3,平成2,無,３人以上
令和4年5月,居室内で病死等があった住宅,足立区,足立中央本町五丁目,1,昭和51,有,２人以上
令和4年5月,居室内で病死等があった住宅,足立区,足立入谷町,1,昭和54,有,２人以上
令和4年5月,居室内で病死等があった住宅,足立区,足立加賀二丁目,1,昭和59,有,３人以上
令和4年5月,居室内で病死等があった住宅,足立区,足立加賀二丁目,1,昭和59,有,３人以上
令和4年5月,若年夫婦・子育て世帯向（定期使用住宅）,足立区,青井三丁目第２,1,昭和53,有,２人以上
令和4年5月,居室内で病死等があった住宅,足立区,青井三丁目第３,1,昭和57,有,３人以上
令和4年5月,若年夫婦・子育て世帯向（定期使用住宅）,足立区,青井四丁目,1,昭和55,有,２人以上
令和4年5月,若年夫婦・子育て世帯向（定期使用住宅）,足立区,青井四丁目,1,平成8,有,２人以上
令和4年5月,居室内で病死等があった住宅,足立区,青井四丁目第２,1,昭和61,有,３人以上
令和4年5月,居室内で病死等があった住宅,足立区,鹿浜五丁目,1,昭和46,有,２人以上
令和4年11月,居室内で病死等があった住宅,三鷹市,三鷹深大寺第２,1,昭和58,有,２人以上
令和4年11月,居室内で病死等があった住宅,三鷹市,上連雀六丁目,1,昭和61,無,２人以上
令和4年11月,世帯向（一般募集住宅）,三鷹市,下連雀七丁目第２,1,昭和54,有,３人以上
令和4年11月,若年夫婦・子育て世帯向（定期使用住宅）,三鷹市,下連雀七丁目第２,1,昭和54,有,３人以上
令和4年11月,若年夫婦・子育て世帯向（定期使用住宅）,三鷹市,井の頭三丁目,1,昭和52,無,２人以上
令和4年11月,世帯向（一般募集住宅）,三鷹市,井口五丁目,1,昭和62,無,２人以上
令和4年11月,若年夫婦・子育て世帯向（定期使用住宅）,世田谷区,桜丘二丁目第２,1,昭和52,無,２人以上
令和4年11月,世帯向（一般募集住宅）,八王子市,多摩ニュータウン別所一丁目,1,平成6,有,２人以上
令和4年11月,居室内で病死等があった住宅,八王子市,多摩ニュータウン松が谷,1,昭和55,無,２人以上
令和4年11月,居室内で病死等があった住宅,八王子市,大和田七丁目,1,昭和51,有,３人以上
令和4年11月,若年夫婦・子育て世帯向（定期使用住宅）,八王子市,長沼町,2,昭和63,無,２人以上
令和4年11月,居室内で病死等があった住宅,品川区,八潮五丁目,1,昭和56,有,３人以上
令和4年11月,居室内で病死等があった住宅,品川区,八潮五丁目,1,昭和56,有,３人以上
令和4年11月,居室内で病死等があった住宅,品川区,東品川第５,1,昭和45,有,２人以上
令和4年11月,若年夫婦・子育て世帯向（定期使用住宅）,国分寺市,国分寺内藤一丁目第３,1,平成4,無,２人以上
令和4年11月,世帯向（一般募集住宅）,国分寺市,富士本三丁目,2,昭和51,無,２人以上
令和4年11月,若年夫婦・子育て世帯向（定期使用住宅）,国分寺市,戸倉一丁目第２,1,昭和63,無,２人以上
令和4年11月,居室内で病死等があった住宅,墨田区,文花一丁目,1,昭和41,有,２人以上
令和4年11月,居室内で病死等があった住宅,墨田区,白鬚東,1,昭和54,有,３人以上
令和4年11月,居室内で病死等があった住宅,墨田区,白鬚東,1,昭和52,有,２人以上
令和4年11月,居室内で病死等があった住宅,墨田区,立花六丁目,1,昭和51,有,２人以上
令和4年11月,居室内で病死等があった住宅,墨田区,立花六丁目,1,昭和51,有,２人以上
令和4年11月,居室内で病死等があった住宅,墨田区,立花六丁目,1,昭和51,有,２人以上
令和4年11月,若年夫婦・子育て世帯向（定期使用住宅）,多摩市,多摩ニュータウン諏訪五丁目,13,平成30,有,４人以上
令和4年11月,世帯向（一般募集住宅）,多摩市,多摩ニュータウン豊ケ丘,2,昭和48,無,２人以上
令和4年11月,若年夫婦・子育て世帯向（定期使用住宅）,小平市,上水本町,1,昭和60,無,２人以上
令和4年11月,若年夫婦・子育て世帯向（定期使用住宅）,小平市,中島町,2,平成6,有,２人以上
令和4年11月,若年夫婦・子育て世帯向（定期使用住宅）,小平市,大沼町一丁目,2,平成6,無,２人以上
令和4年11月,若年夫婦・子育て世帯向（定期使用住宅）,小平市,大沼町一丁目,2,平成3,有,２人以上
令和4年11月,若年夫婦・子育て世帯向（定期使用住宅）,小平市,大沼町一丁目第３,2,平成10,有,２人以上
令和4年11月,若年夫婦・子育て世帯向（定期使用住宅）,小平市,学園東町第３,1,平成7,無,２人以上
令和4年11月,若年夫婦・子育て世帯向（定期使用住宅）,小平市,学園西町一丁目,1,昭和54,無,２人以上
令和4年11月,若年夫婦・子育て世帯向（定期使用住宅）,小平市,小川東町,1,昭和62,有,２人以上
令和4年11月,若年夫婦・子育て世帯向（定期使用住宅）,小平市,津田町三丁目,2,平成6,無,２人以上
令和4年11月,居室内で病死等があった住宅,小平市,津田町三丁目,1,昭和60,有,２人以上
令和4年11月,居室内で病死等があった住宅,小平市,美園町一丁目,1,平成2,有,２人以上
令和4年11月,若年夫婦・子育て世帯向（定期使用住宅）,小平市,花小金井六丁目,1,平成6,有,４人以上
令和4年11月,若年夫婦・子育て世帯向（定期使用住宅）,小金井市,小金井中町二丁目,1,昭和56,無,３人以上
令和4年11月,若年夫婦・子育て世帯向（定期使用住宅）,小金井市,小金井東町一丁目,1,昭和61,無,３人以上
令和4年11月,若年夫婦・子育て世帯向（定期使用住宅）,府中市,府中南町,2,平成2,有,２人以上
令和4年11月,若年夫婦・子育て世帯向（定期使用住宅）,府中市,紅葉丘三丁目,1,昭和62,無,２人以上
令和4年11月,若年夫婦・子育て世帯向（定期使用住宅）,日野市,日野大坂上三丁目,1,平成6,有,２人以上
令和4年11月,若年夫婦・子育て世帯向（定期使用住宅）,昭島市,松原町一丁目第２,1,昭和63,無,２人以上
令和4年11月,若年夫婦・子育て世帯向（定期使用住宅）,昭島市,美堀町二丁目,2,平成10,無,２人以上
令和4年11月,若年夫婦・子育て世帯向（定期使用住宅）,杉並区,井草四丁目第２,1,昭和60,無,３人以上
令和4年11月,居室内で病死等があった住宅,杉並区,堀の内三丁目,1,昭和44,有,２人以上
令和4年11月,居室内で病死等があった住宅,杉並区,堀の内三丁目,1,昭和44,有,２人以上
令和4年11月,世帯向（一般募集住宅）,東久留米市,東久留米幸町一丁目,2,平成11,有,３人以上
令和4年11月,若年夫婦・子育て世帯向（定期使用住宅）,東久留米市,東久留米氷川台一丁目,1,平成7,無,２人以上
令和4年11月,若年夫婦・子育て世帯向（定期使用住宅）,東大和市,東大和桜が丘三丁目,1,昭和60,無,２人以上
令和4年11月,居室内で病死等があった住宅,東大和市,東大和桜が丘三丁目,1,昭和60,無,２人以上
令和4年11月,世帯向（一般募集住宅）,東村山市,美住町一丁目第２,5,平成11,有,２人以上
令和4年11月,世帯向（一般募集住宅）,東村山市,美住町一丁目第２,2,昭和61,無,２人以上
令和4年11月,世帯向（一般募集住宅）,東村山市,美住町一丁目第３,2,平成8,有,２人以上
令和4年11月,居室内で病死等があった住宅,板橋区,坂下一丁目,1,昭和46,有,２人以上
令和4年11月,若年夫婦・子育て世帯向（定期使用住宅）,板橋区,坂下一丁目第５,2,昭和58,無,３人以上
令和4年11月,居室内で病死等があった住宅,板橋区,成増五丁目第２,1,平成19,有,２人以上
令和4年11月,世帯向（一般募集住宅）,板橋区,赤塚六丁目,1,昭和63,無,３人以上
令和4年11月,世帯向（一般募集住宅）,武蔵野市,吉祥寺北町四丁目第３,1,昭和55,無,２人以上
令和4年11月,若年夫婦・子育て世帯向（定期使用住宅）,武蔵野市,境一丁目,1,昭和56,無,３人以上
令和4年11月,若年夫婦・子育て世帯向（定期使用住宅）,武蔵野市,境五丁目,3,昭和57,無,３人以上
令和4年11月,若年夫婦・子育て世帯向（定期使用住宅）,江戸川区,小松川一丁目,1,昭和60,有,２人以上
令和4年11月,居室内で病死等があった住宅,江戸川区,小松川二丁目第３,1,平成16,有,２人以上
令和4年11月,居室内で病死等があった住宅,江戸川区,平井一丁目,1,昭和43,有,２人以上
令和4年11月,居室内で病死等があった住宅,江戸川区,臨海町二丁目,1,昭和59,有,３人以上
令和4年11月,居室内で病死等があった住宅,江戸川区,西瑞江第２,1,昭和55,有,３人以上
令和4年11月,居室内で病死等があった住宅,江東区,南砂五丁目,1,昭和43,有,２人以上
令和4年11月,居室内で病死等があった住宅,江東区,塩浜二丁目第２,1,昭和46,有,１～２人
令和4年11月,若年夫婦・子育て世帯向（定期使用住宅）,江東区,大島九丁目,1,昭和62,有,２人以上
令和4年11月,居室内で病死等があった住宅,江東区,扇橋三丁目,1,昭和52,有,２人以上
令和4年11月,居室内で病死等があった住宅,江東区,東砂二丁目,1,昭和43,有,１～２人
令和4年11月,居室内で病死等があった住宅,江東区,東砂二丁目,1,昭和43,有,２人以上
令和4年11月,若年夫婦・子育て世帯向（定期使用住宅）,江東区,東陽一丁目第５,1,平成2,無,３人以上
令和4年11月,居室内で病死等があった住宅,江東区,東雲一丁目,1,昭和44,有,２人以上
令和4年11月,居室内で病死等があった住宅,江東区,東雲一丁目,1,昭和44,有,２人以上
令和4年11月,若年夫婦・子育て世帯向（定期使用住宅）,江東区,枝川一丁目第２,1,平成5,有,３人以上
令和4年11月,居室内で病死等があった住宅,清瀬市,清瀬竹丘三丁目,1,昭和51,有,２人以上
令和4年11月,世帯向（一般募集住宅）,清瀬市,清瀬竹丘二丁目,1,昭和60,有,２人以上
令和4年11月,居室内で病死等があった住宅,町田市,森野五丁目第２,1,平成5,有,２人以上
令和4年11月,居室内で病死等があった住宅,町田市,森野五丁目第２,1,平成5,無,２人以上
令和4年11月,居室内で病死等があった住宅,町田市,武蔵岡,1,昭和53,有,２人以上
令和4年11月,居室内で病死等があった住宅,町田市,町田中町四丁目,1,昭和54,有,３人以上
令和4年11月,若年夫婦・子育て世帯向（定期使用住宅）,町田市,町田金森一丁目,1,平成3,無,２人以上
令和4年11月,居室内で病死等があった住宅,町田市,金森第１１,1,平成11,有,２人以上
令和4年11月,居室内で病死等があった住宅,町田市,金森第６,1,平成2,無,２人以上
令和4年11月,居室内で病死等があった住宅,町田市,金森第７,1,昭和60,無,２人以上
令和4年11月,居室内で病死等があった住宅,町田市,高ケ坂,1,平成8,有,２人以上
令和4年11月,世帯向（一般募集住宅）,稲城市,大丸第２,1,平成23,有,３人以上
令和4年11月,居室内で病死等があった住宅,立川市,上砂町一丁目,1,平成21,有,２人以上
令和4年11月,居室内で病死等があった住宅,立川市,立川幸町二丁目第５,1,平成4,有,３人以上
令和4年11月,居室内で病死等があった住宅,立川市,立川錦町二丁目,1,昭和57,無,３人以上
令和4年11月,居室内で病死等があった住宅,練馬区,南田中,1,昭和41,無,２人以上
令和4年11月,居室内で病死等があった住宅,練馬区,南田中,1,昭和41,無,２人以上
令和4年11月,居室内で病死等があった住宅,練馬区,早宮四丁目,1,昭和55,無,２人以上
令和4年11月,若年夫婦・子育て世帯向（定期使用住宅）,練馬区,旭町二丁目第４,2,昭和63,無,３人以上
令和4年11月,居室内で病死等があった住宅,練馬区,旭町二丁目第７,1,平成28,有,２人以上
令和4年11月,若年夫婦・子育て世帯向（定期使用住宅）,練馬区,東大泉七丁目,1,平成3,無,３人以上
令和4年11月,若年夫婦・子育て世帯向（定期使用住宅）,練馬区,練馬北町八丁目,1,昭和56,無,３人以上
令和4年11月,若年夫婦・子育て世帯向（定期使用住宅）,練馬区,練馬富士見台一丁目,1,昭和59,無,３人以上
令和4年11月,若年夫婦・子育て世帯向（定期使用住宅）,練馬区,練馬春日町五丁目,1,昭和51,無,２人以上
令和4年11月,若年夫婦・子育て世帯向（定期使用住宅）,練馬区,練馬春日町四丁目,2,昭和52,無,２人以上
令和4年11月,若年夫婦・子育て世帯向（定期使用住宅）,練馬区,練馬春日町四丁目第２,3,昭和53,無,２人以上
令和4年11月,居室内で病死等があった住宅,練馬区,練馬関町北四丁目第３,1,平成7,無,３人以上
令和4年11月,若年夫婦・子育て世帯向（定期使用住宅）,練馬区,豊玉中一丁目第３,1,平成4,無,３人以上
令和4年11月,居室内で病死等があった住宅,荒川区,南千住八丁目第３,1,昭和63,有,２人以上
令和4年11月,若年夫婦・子育て世帯向（定期使用住宅）,葛飾区,お花茶屋三丁目,1,昭和57,無,２人以上
令和4年11月,世帯向（一般募集住宅）,葛飾区,亀有一丁目第３,1,昭和55,有,３人以上
令和4年11月,居室内で病死等があった住宅,葛飾区,東金町二丁目第６,1,平成3,無,３人以上
令和4年11月,若年夫婦・子育て世帯向（定期使用住宅）,葛飾区,柴又六丁目第３,1,平成3,無,３人以上
令和4年11月,若年夫婦・子育て世帯向（定期使用住宅）,葛飾区,柴又四丁目第３,1,昭和63,有,３人以上
令和4年11月,居室内で病死等があった住宅,葛飾区,柴又四丁目第３,1,昭和63,有,２人以上
令和4年11月,居室内で病死等があった住宅,葛飾区,西亀有一丁目,1,平成16,有,２人以上
令和4年11月,居室内で病死等があった住宅,葛飾区,西亀有一丁目,1,平成19,有,２人以上
令和4年11月,居室内で病死等があった住宅,葛飾区,西亀有二丁目第１８,1,昭和61,無,３人以上
令和4年11月,居室内で病死等があった住宅,葛飾区,西亀有二丁目第１９,1,昭和61,無,２人以上
令和4年11月,若年夫婦・子育て世帯向（定期使用住宅）,葛飾区,青戸三丁目,1,平成2,無,２人以上
令和4年11月,若年夫婦・子育て世帯向（定期使用住宅）,調布市,上石原一丁目,1,昭和56,無,３人以上
令和4年11月,居室内で病死等があった住宅,調布市,佐須町,1,昭和57,無,３人以上
令和4年11月,世帯向（一般募集住宅）,足立区,六月一丁目第２,1,昭和60,有,３人以上
令和4年11月,若年夫婦・子育て世帯向（定期使用住宅）,足立区,六木三丁目,5,昭和52,有,２人以上
令和4年11月,若年夫婦・子育て世帯向（定期使用住宅）,足立区,島根四丁目第２,2,昭和56,有,３人以上
令和4年11月,若年夫婦・子育て世帯向（定期使用住宅）,足立区,島根四丁目第３,4,昭和57,有,３人以上
令和4年11月,若年夫婦・子育て世帯向（定期使用住宅）,足立区,弘道一丁目第５,1,平成10,有,２人以上
令和4年11月,若年夫婦・子育て世帯向（定期使用住宅）,足立区,扇三丁目,1,昭和57,有,２人以上
令和4年11月,居室内で病死等があった住宅,足立区,扇三丁目第２,1,平成22,有,４人以上
令和4年11月,居室内で病死等があった住宅,足立区,第１保木間,1,昭和40,有,２人以上
令和4年11月,居室内で病死等があった住宅,足立区,花畑第４,1,昭和46,無,２人以上
令和4年11月,居室内で病死等があった住宅,足立区,花畑第４,1,昭和46,有,２人以上
令和4年11月,居室内で病死等があった住宅,足立区,花畑第４,1,昭和46,有,２人以上
令和4年11月,居室内で病死等があった住宅,足立区,西保木間三丁目,1,昭和50,有,２人以上
令和4年11月,若年夫婦・子育て世帯向（定期使用住宅）,足立区,西綾瀬四丁目,1,昭和63,有,２人以上
令和4年11月,居室内で病死等があった住宅,足立区,足立中央本町二丁目,1,平成10,有,２人以上
令和4年11月,世帯向（一般募集住宅）,足立区,足立加賀二丁目,1,昭和59,有,３人以上
令和4年11月,居室内で病死等があった住宅,足立区,足立加賀二丁目,1,昭和53,有,２人以上
令和4年11月,居室内で病死等があった住宅,足立区,足立加賀二丁目,1,昭和59,有,３人以上
令和4年11月,若年夫婦・子育て世帯向（定期使用住宅）,足立区,青井三丁目第２,1,昭和53,有,２人以上
令和4年11月,若年夫婦・子育て世帯向（定期使用住宅）,足立区,青井五丁目,1,昭和52,有,２人以上
令和4年11月,若年夫婦・子育て世帯向（定期使用住宅）,足立区,青井四丁目第２,1,昭和61,有,３人以上
令和4年11月,世帯向（一般募集住宅）,足立区,青井四丁目第３,1,昭和63,有,３人以上
令和4年11月,若年夫婦・子育て世帯向（定期使用住宅）,足立区,青井四丁目第３,4,昭和63,有,２人以上
令和4年11月,居室内で病死等があった住宅,足立区,鹿浜五丁目,1,昭和46,有,２人以上
令和4年11月,居室内で病死等があった住宅,青梅市,河辺町七丁目,1,昭和46,有,２人以上
令和5年2月,居室内で病死等があった住宅,三鷹市,中原四丁目第１,1,昭和48,,１人
令和5年2月,居室内で病死等があった住宅,八王子市,長沼町第２,1,平成4,,２人以上
令和5年2月,居室内で病死等があった住宅,小平市,花小金井四丁目,1,平成11,,２人以上
令和5年2月,居室内で病死等があった住宅,東大和市,東大和清水二丁目,1,昭和63,,２人以上
令和5年2月,居室内で病死等があった住宅,清瀬市,中清戸四丁目,1,平成13,,２人以上
令和5年2月,居室内で病死等があった住宅,瑞穂町,瑞穂,1,平成10,,２人以上
令和5年2月,居室内で病死等があった住宅,町田市,山崎町第２,1,昭和63,,２人以上
令和5年5月,居室内で病死等があった住宅,三鷹市,上連雀一丁目,1,昭和56,有,３人以上
令和5年5月,世帯向（一般募集住宅）,三鷹市,井口五丁目,1,昭和62,無,２人以上
令和5年5月,世帯向（一般募集住宅）,三鷹市,牟礼四丁目,2,昭和50,無,２人以上
令和5年5月,居室内で病死等があった住宅,世田谷区,千歳台一丁目,1,昭和59,有,３人以上
令和5年5月,居室内で病死等があった住宅,八王子市,八王子石川町第２,1,平成8,有,２人以上
令和5年5月,世帯向（一般募集住宅）,八王子市,八王子高倉町第２,2,昭和55,無,２人以上
令和5年5月,世帯向（一般募集住宅）,八王子市,多摩ニュータウン下柚木第２,8,平成3,無,２人以上
令和5年5月,若年夫婦・子育て世帯向（定期使用住宅）,八王子市,多摩ニュータウン別所,2,昭和63,有,２人以上
令和5年5月,世帯向（一般募集住宅）,八王子市,多摩ニュータウン別所一丁目第３,1,平成8,有,２人以上
令和5年5月,居室内で病死等があった住宅,八王子市,多摩ニュータウン南大沢,1,昭和56,有,２人以上
令和5年5月,世帯向（一般募集住宅）,八王子市,長房,1,平成25,有,３人以上
令和5年5月,居室内で病死等があった住宅,八王子市,長房南,1,平成22,有,２人以上
令和5年5月,世帯向（一般募集住宅）,八王子市,長沼町,4,昭和63,無,２人以上
令和5年5月,居室内で病死等があった住宅,品川区,八潮五丁目,1,昭和55,有,３人以上
令和5年5月,居室内で病死等があった住宅,品川区,八潮五丁目,1,昭和58,無,３人以上
令和5年5月,居室内で病死等があった住宅,品川区,北品川第２,1,昭和44,有,２人以上
令和5年5月,世帯向（一般募集住宅）,国分寺市,国分寺内藤一丁目第４,1,平成7,無,２人以上
令和5年5月,居室内で病死等があった住宅,国分寺市,国分寺南町三丁目,1,昭和56,有,３人以上
令和5年5月,世帯向（一般募集住宅）,国分寺市,国分寺西町五丁目,1,平成3,有,２人以上
令和5年5月,世帯向（一般募集住宅）,国分寺市,富士本三丁目,2,昭和51,無,２人以上
令和5年5月,居室内で病死等があった住宅,国分寺市,戸倉一丁目,1,昭和62,無,２人以上
令和5年5月,居室内で病死等があった住宅,国分寺市,泉町三丁目,1,昭和61,有,３人以上
令和5年5月,世帯向（一般募集住宅）,国分寺市,西元町四丁目,1,平成6,無,２人以上
令和5年5月,居室内で病死等があった住宅,国立市,国立北三丁目,1,昭和63,無,２人以上
令和5年5月,居室内で病死等があった住宅,墨田区,白鬚東,1,昭和53,有,３人以上
令和5年5月,世帯向（一般募集住宅）,多摩市,多摩ニュータウン落合,5,昭和48,無,２人以上
令和5年5月,世帯向（一般募集住宅）,小平市,中島町,1,平成3,無,２人以上
令和5年5月,若年夫婦・子育て世帯向（定期使用住宅）,小平市,中島町,2,平成3,有,２人以上
令和5年5月,若年夫婦・子育て世帯向（定期使用住宅）,小平市,中島町,1,平成6,有,２人以上
令和5年5月,世帯向（一般募集住宅）,小平市,大沼町一丁目第３,1,平成10,有,２人以上
令和5年5月,世帯向（一般募集住宅）,小平市,大沼町二丁目,1,平成11,無,２人以上
令和5年5月,世帯向（一般募集住宅）,小平市,学園西町一丁目,1,昭和54,無,２人以上
令和5年5月,世帯向（一般募集住宅）,小平市,学園西町二丁目,1,昭和54,無,２人以上
令和5年5月,世帯向（一般募集住宅）,小平市,小川町一丁目,1,昭和63,有,２人以上
令和5年5月,居室内で病死等があった住宅,小平市,小川西町一丁目,1,平成3,有,２人以上
令和5年5月,世帯向（一般募集住宅）,小平市,小川西町二丁目,1,平成5,有,２人以上
令和5年5月,若年夫婦・子育て世帯向（定期使用住宅）,小平市,小川西町二丁目,6,平成2,有,２人以上
令和5年5月,若年夫婦・子育て世帯向（定期使用住宅）,小平市,小川西町二丁目,5,平成5,有,２人以上
令和5年5月,若年夫婦・子育て世帯向（定期使用住宅）,小平市,小川西町二丁目第２,1,平成5,有,２人以上
令和5年5月,居室内で病死等があった住宅,小平市,小川西町五丁目,1,平成4,有,２人以上
令和5年5月,世帯向（一般募集住宅）,小平市,津田町一丁目,2,昭和63,無,２人以上
令和5年5月,世帯向（一般募集住宅）,府中市,府中北山町三丁目,1,昭和63,無,２人以上
令和5年5月,世帯向（一般募集住宅）,府中市,府中北山町四丁目第２,1,昭和63,無,２人以上
令和5年5月,世帯向（一般募集住宅）,府中市,府中幸町二丁目,1,昭和56,無,２人以上
令和5年5月,世帯向（一般募集住宅）,府中市,府中新町一丁目第２,1,昭和63,無,２人以上
令和5年5月,居室内で病死等があった住宅,府中市,府中新町三丁目,1,昭和62,無,２人以上
令和5年5月,居室内で病死等があった住宅,府中市,府中新町二丁目第２,1,昭和58,無,２人以上
令和5年5月,居室内で病死等があった住宅,日野市,日野大坂上三丁目,1,平成6,有,２人以上
令和5年5月,若年夫婦・子育て世帯向（定期使用住宅）,日野市,日野栄町二丁目,1,平成2,有,２人以上
令和5年5月,世帯向（一般募集住宅）,日野市,日野神明三丁目,1,平成6,無,２人以上
令和5年5月,若年夫婦・子育て世帯向（定期使用住宅）,日野市,日野神明三丁目,1,平成6,有,２人以上
令和5年5月,居室内で病死等があった住宅,昭島市,中神第３,1,平成24,有,３人以上
令和5年5月,世帯向（一般募集住宅）,昭島市,拝島町三丁目,1,平成20,有,２人以上
令和5年5月,世帯向（一般募集住宅）,昭島市,美堀町二丁目,2,平成10,無,２人以上
令和5年5月,世帯向（一般募集住宅）,東村山市,恩多町三丁目,1,昭和63,無,２人以上
令和5年5月,世帯向（一般募集住宅）,東村山市,東村山富士見町第２,1,昭和52,有,２人以上
令和5年5月,世帯向（一般募集住宅）,東村山市,東村山栄町三丁目第２,1,昭和61,無,２人以上
令和5年5月,世帯向（一般募集住宅）,東村山市,東村山栄町二丁目第２,1,昭和61,有,３人以上
令和5年5月,若年夫婦・子育て世帯向（定期使用住宅）,東村山市,東村山栄町二丁目第２,4,昭和61,有,３人以上
令和5年5月,居室内で病死等があった住宅,東村山市,東村山諏訪町一丁目,1,平成3,有,２人以上
令和5年5月,世帯向（一般募集住宅）,東村山市,秋津町一丁目,1,昭和55,無,２人以上
令和5年5月,世帯向（一般募集住宅）,東村山市,秋津町一丁目第２,1,平成8,無,２人以上
令和5年5月,世帯向（一般募集住宅）,東村山市,秋津町一丁目第２,1,平成8,無,２人以上
令和5年5月,世帯向（一般募集住宅）,東村山市,青葉町三丁目,7,昭和53,有,２人以上
令和5年5月,居室内で病死等があった住宅,東村山市,青葉町三丁目,1,昭和53,有,２人以上
令和5年5月,世帯向（一般募集住宅）,板橋区,前野町五丁目第３,1,昭和56,無,３人以上
令和5年5月,世帯向（一般募集住宅）,板橋区,前野町四丁目,1,昭和44,無,３人以上
令和5年5月,居室内で病死等があった住宅,板橋区,板橋富士見町第２,1,平成19,有,３人以上
令和5年5月,世帯向（一般募集住宅）,武蔵野市,吉祥寺北町四丁目,1,昭和51,無,２人以上
令和5年5月,居室内で病死等があった住宅,江戸川区,平井七丁目第４,1,昭和46,有,２人以上
令和5年5月,居室内で病死等があった住宅,江東区,南砂三丁目第３,1,昭和59,有,３人以上
令和5年5月,世帯向（一般募集住宅）,江東区,東雲一丁目,1,昭和63,有,５人以上
令和5年5月,居室内で病死等があった住宅,江東区,東雲一丁目,1,昭和44,有,２人以上
令和5年5月,世帯向（一般募集住宅）,江東区,枝川一丁目,2,昭和47,有,２人以上
令和5年5月,居室内で病死等があった住宅,江東区,枝川一丁目第３,1,平成11,有,２人以上
令和5年5月,世帯向（一般募集住宅）,清瀬市,松山一丁目第２,1,昭和57,無,２人以上
令和5年5月,居室内で病死等があった住宅,清瀬市,松山三丁目,1,昭和53,有,２人以上
令和5年5月,世帯向（一般募集住宅）,清瀬市,松山二丁目,1,昭和55,無,２人以上
令和5年5月,居室内で病死等があった住宅,清瀬市,清瀬中里四丁目,1,平成14,有,２人以上
令和5年5月,世帯向（一般募集住宅）,清瀬市,清瀬元町二丁目,1,昭和55,無,２人以上
令和5年5月,世帯向（一般募集住宅）,清瀬市,清瀬竹丘一丁目,1,平成8,無,２人以上
令和5年5月,世帯向（一般募集住宅）,清瀬市,清瀬竹丘一丁目,1,平成3,有,２人以上
令和5年5月,世帯向（一般募集住宅）,清瀬市,清瀬竹丘三丁目,1,昭和51,有,２人以上
令和5年5月,世帯向（一般募集住宅）,清瀬市,清瀬竹丘二丁目,5,平成6,無,２人以上
令和5年5月,居室内で病死等があった住宅,清瀬市,清瀬竹丘二丁目,1,昭和60,有,２人以上
令和5年5月,居室内で病死等があった住宅,清瀬市,清瀬竹丘二丁目,1,平成3,無,２人以上
令和5年5月,居室内で病死等があった住宅,清瀬市,野塩五丁目,1,昭和54,無,２人以上
令和5年5月,居室内で病死等があった住宅,清瀬市,野塩五丁目,1,昭和53,無,２人以上
令和5年5月,居室内で病死等があった住宅,瑞穂町,瑞穂,1,昭和62,無,２人以上
令和5年5月,居室内で病死等があった住宅,瑞穂町,瑞穂,1,平成4,有,２人以上
令和5年5月,居室内で病死等があった住宅,町田市,南大谷,1,平成8,有,２人以上
令和5年5月,世帯向（一般募集住宅）,町田市,忠生三丁目,1,昭和52,有,２人以上
令和5年5月,世帯向（一般募集住宅）,町田市,忠生二丁目,1,昭和52,有,２人以上
令和5年5月,世帯向（一般募集住宅）,町田市,忠生四丁目,1,昭和52,有,３人以上
令和5年5月,居室内で病死等があった住宅,町田市,森野六丁目,1,平成5,有,２人以上
令和5年5月,世帯向（一般募集住宅）,町田市,町田中町三丁目第３,1,昭和58,無,３人以上
令和5年5月,世帯向（一般募集住宅）,町田市,町田金森第２,12,昭和52,無,２人以上
令和5年5月,世帯向（一般募集住宅）,町田市,金森第１０,1,平成7,有,２人以上
令和5年5月,居室内で病死等があった住宅,町田市,金森第１１,1,平成9,有,３人以上
令和5年5月,世帯向（一般募集住宅）,町田市,金森第４,2,昭和58,有,２人以上
令和5年5月,世帯向（一般募集住宅）,町田市,金森第４,1,昭和58,無,２人以上
令和5年5月,居室内で病死等があった住宅,町田市,金森第５,1,昭和59,有,２人以上
令和5年5月,居室内で病死等があった住宅,町田市,金森第５,1,昭和59,有,２人以上
令和5年5月,世帯向（一般募集住宅）,町田市,金森第７,5,昭和60,無,２人以上
令和5年5月,世帯向（一般募集住宅）,町田市,高ケ坂,2,平成8,有,２人以上
令和5年5月,世帯向（一般募集住宅）,町田市,高ケ坂,1,平成8,有,２人以上
令和5年5月,居室内で病死等があった住宅,練馬区,南田中,1,昭和45,有,２人以上
令和5年5月,若年夫婦・子育て世帯向（定期使用住宅）,練馬区,早宮三丁目,1,昭和55,無,２人以上
令和5年5月,若年夫婦・子育て世帯向（定期使用住宅）,練馬区,旭町二丁目第４,1,昭和63,有,２人以上
令和5年5月,若年夫婦・子育て世帯向（定期使用住宅）,練馬区,練馬春日町三丁目第４,1,昭和55,無,２人以上
令和5年5月,若年夫婦・子育て世帯向（定期使用住宅）,練馬区,練馬関町北三丁目,2,昭和51,無,２人以上
令和5年5月,世帯向（一般募集住宅）,練馬区,練馬関町北三丁目第３,2,昭和60,無,３人以上
令和5年5月,若年夫婦・子育て世帯向（定期使用住宅）,練馬区,練馬関町北三丁目第４,1,昭和62,無,２人以上
令和5年5月,世帯向（一般募集住宅）,練馬区,練馬関町北三丁目第６,1,平成3,無,３人以上
令和5年5月,若年夫婦・子育て世帯向（定期使用住宅）,練馬区,錦一丁目第３,1,平成7,無,２人以上
令和5年5月,世帯向（一般募集住宅）,葛飾区,亀有一丁目,3,昭和52,無,２人以上
令和5年5月,世帯向（一般募集住宅）,葛飾区,亀有二丁目第３,1,昭和55,無,３人以上
令和5年5月,世帯向（一般募集住宅）,葛飾区,亀有二丁目第４,2,昭和56,有,３人以上
令和5年5月,世帯向（一般募集住宅）,葛飾区,亀有二丁目第６,1,昭和58,無,３人以上
令和5年5月,世帯向（一般募集住宅）,葛飾区,南水元一丁目第２,1,昭和61,無,３人以上
令和5年5月,居室内で病死等があった住宅,葛飾区,南水元一丁目第２,1,昭和60,有,３人以上
令和5年5月,居室内で病死等があった住宅,葛飾区,南水元一丁目第２,1,昭和60,有,３人以上
令和5年5月,世帯向（一般募集住宅）,葛飾区,東堀切三丁目,2,昭和59,有,３人以上
令和5年5月,居室内で病死等があった住宅,葛飾区,東金町二丁目,1,昭和63,有,３人以上
令和5年5月,若年夫婦・子育て世帯向（定期使用住宅）,葛飾区,東金町二丁目第５,1,平成2,無,２人以上
令和5年5月,若年夫婦・子育て世帯向（定期使用住宅）,葛飾区,柴又一丁目第２,1,昭和55,無,２人以上
令和5年5月,居室内で病死等があった住宅,葛飾区,白鳥四丁目第２,1,昭和61,有,３人以上
令和5年5月,居室内で病死等があった住宅,葛飾区,白鳥四丁目第２,1,昭和61,有,３人以上
令和5年5月,世帯向（一般募集住宅）,葛飾区,西亀有三丁目第２,1,昭和58,無,３人以上
令和5年5月,世帯向（一般募集住宅）,葛飾区,西亀有二丁目第１０,1,昭和59,有,３人以上
令和5年5月,世帯向（一般募集住宅）,葛飾区,西亀有二丁目第１８,1,昭和61,無,３人以上
令和5年5月,世帯向（一般募集住宅）,葛飾区,西水元五丁目,1,昭和60,無,３人以上
令和5年5月,居室内で病死等があった住宅,葛飾区,西水元五丁目,1,昭和55,有,３人以上
令和5年5月,居室内で病死等があった住宅,葛飾区,高砂四丁目,1,平成20,有,２人以上
令和5年5月,居室内で病死等があった住宅,調布市,染地三丁目,1,昭和52,無,２人以上
令和5年5月,居室内で病死等があった住宅,足立区,五反野北町,1,昭和62,有,２人以上
令和5年5月,居室内で病死等があった住宅,足立区,六ツ木町,1,昭和44,有,２人以上
令和5年5月,世帯向（一般募集住宅）,足立区,大谷田一丁目,1,昭和47,有,４人以上
令和5年5月,居室内で病死等があった住宅,足立区,島根四丁目第２,1,昭和56,有,２人以上
令和5年5月,居室内で病死等があった住宅,足立区,弘道二丁目第２,1,昭和56,有,３人以上
令和5年5月,居室内で病死等があった住宅,足立区,弘道二丁目第２,1,昭和59,有,３人以上
令和5年5月,居室内で病死等があった住宅,足立区,扇二丁目,1,平成16,有,２人以上
令和5年5月,居室内で病死等があった住宅,足立区,東和四丁目第３,1,昭和55,無,２人以上
令和5年5月,居室内で病死等があった住宅,足立区,江北三丁目,1,平成4,有,３人以上
令和5年5月,居室内で病死等があった住宅,足立区,江北三丁目,1,平成5,有,３人以上
令和5年5月,居室内で病死等があった住宅,足立区,江北二丁目第２,1,昭和63,有,３人以上
令和5年5月,世帯向（一般募集住宅）,足立区,花畑第４,8,昭和46,無,２人以上
令和5年5月,居室内で病死等があった住宅,足立区,花畑第４,1,昭和46,有,２人以上
令和5年5月,居室内で病死等があった住宅,足立区,花畑第５,1,昭和46,有,２人以上
令和5年5月,若年夫婦・子育て世帯向（定期使用住宅）,足立区,西新井本町四丁目,1,平成24,有,４人以上
令和5年5月,居室内で病死等があった住宅,足立区,西綾瀬三丁目第２,1,平成4,有,３人以上
令和5年5月,居室内で病死等があった住宅,足立区,谷在家,1,昭和43,有,２人以上
令和5年5月,居室内で病死等があった住宅,足立区,谷在家,1,昭和43,有,２人以上
令和5年5月,居室内で病死等があった住宅,足立区,足立平野三丁目,1,昭和46,有,２人以上
令和5年5月,居室内で病死等があった住宅,青梅市,河辺町七丁目,2,昭和46,有,２人以上
令和5年8月,居室内で病死等があった住宅,三鷹市,中原四丁目第１,1,昭和48,,１人
令和5年8月,居室内で病死等があった住宅,小平市,花小金井四丁目,1,平成11,,２人以上
令和5年8月,居室内で病死等があった住宅,東大和市,東大和清水二丁目,1,昭和63,,２人以上
令和5年8月,居室内で病死等があった住宅,清瀬市,中清戸四丁目,1,平成13,,２人以上
令和5年8月,居室内で病死等があった住宅,瑞穂町,瑞穂,1,平成10,,２人以上
令和5年8月,居室内で病死等があった住宅,町田市,山崎町第２,1,昭和63,,２人以上
令和5年8月,居室内で病死等があった住宅,足立区,伊興町,1,昭和44,無,１人
令和5年8月,居室内で病死等があった住宅,足立区,保木間第４,1,昭和42,有,１人
令和5年8月,居室内で病死等があった住宅,足立区,保木間第５,1,昭和42,有,１人
令和5年8月,居室内で病死等があった住宅,足立区,保木間第５,1,昭和42,有,１人
令和5年8月,居室内で病死等があった住宅,足立区,六ツ木町,1,昭和44,有,１人
令和5年11月,居室内で病死等があった住宅,三鷹市,三鷹井口,1,昭和60,無,２人以上
令和5年11月,居室内で病死等があった住宅,三鷹市,三鷹井口,1,昭和60,無,２人以上
令和5年11月,居室内で病死等があった住宅,三鷹市,三鷹大沢四丁目,1,昭和58,無,２人以上
令和5年11月,居室内で病死等があった住宅,世田谷区,成城八丁目,1,平成18,有,３人以上
令和5年11月,居室内で病死等があった住宅,八王子市,中野山王三丁目,1,平成22,有,２人以上
令和5年11月,居室内で病死等があった住宅,八王子市,中野山王三丁目,1,平成15,有,２人以上
令和5年11月,居室内で病死等があった住宅,八王子市,中野山王三丁目,1,平成10,有,２人以上
令和5年11月,居室内で病死等があった住宅,八王子市,中野山王三丁目,1,平成12,有,２人以上
令和5年11月,居室内で病死等があった住宅,八王子市,中野山王三丁目,1,平成13,有,２人以上
令和5年11月,居室内で病死等があった住宅,八王子市,中野山王三丁目,1,平成15,有,２人以上
令和5年11月,居室内で病死等があった住宅,八王子市,多摩ニュータウン上柚木,1,平成4,有,２人以上
令和5年11月,世帯向（一般募集住宅）,八王子市,多摩ニュータウン上柚木第２,2,平成5,有,２人以上
令和5年11月,居室内で病死等があった住宅,八王子市,多摩ニュータウン下柚木,1,平成4,有,２人以上
令和5年11月,世帯向（一般募集住宅）,八王子市,多摩ニュータウン別所一丁目第３,2,平成8,有,２人以上
令和5年11月,居室内で病死等があった住宅,八王子市,多摩ニュータウン南大沢,1,昭和58,無,２人以上
令和5年11月,居室内で病死等があった住宅,八王子市,多摩ニュータウン南大沢,1,平成8,有,２人以上
令和5年11月,居室内で病死等があった住宅,八王子市,多摩ニュータウン松が谷,1,昭和55,無,単身
令和5年11月,居室内で病死等があった住宅,八王子市,多摩ニュータウン鑓水第２,1,平成7,有,２人以上
令和5年11月,居室内で病死等があった住宅,八王子市,多摩ニュータウン長池第２,1,平成3,有,２人以上
令和5年11月,居室内で病死等があった住宅,八王子市,多摩ニュータウン鹿島,1,昭和48,無,２人以上
令和5年11月,居室内で病死等があった住宅,八王子市,多摩ニュータウン鹿島,1,昭和48,無,２人以上
令和5年11月,居室内で病死等があった住宅,八王子市,長房,1,平成16,有,２人以上
令和5年11月,居室内で病死等があった住宅,八王子市,長房南,1,平成26,有,２人以上
令和5年11月,居室内で病死等があった住宅,八王子市,長房東,1,平成23,有,３人以上
令和5年11月,若年夫婦・子育て世帯向（定期使用住宅）,八王子市,長沼町第２,1,平成5,有,２人以上
令和5年11月,居室内で病死等があった住宅,国分寺市,国分寺内藤一丁目第２,1,平成3,無,２人以上
令和5年11月,居室内で病死等があった住宅,国分寺市,国分寺内藤二丁目,1,昭和63,無,２人以上
令和5年11月,世帯向（一般募集住宅）,国分寺市,国分寺西町一丁目,1,昭和55,無,２人以上
令和5年11月,居室内で病死等があった住宅,国分寺市,国分寺西町五丁目,1,平成3,有,２人以上
令和5年11月,世帯向（一般募集住宅）,国分寺市,富士本三丁目,1,昭和51,無,２人以上
令和5年11月,居室内で病死等があった住宅,国分寺市,富士本三丁目,1,昭和51,無,２人以上
令和5年11月,世帯向（一般募集住宅）,国分寺市,富士本三丁目第２,1,昭和53,無,２人以上
令和5年11月,居室内で病死等があった住宅,国分寺市,泉町三丁目,1,昭和59,無,２人以上
令和5年11月,居室内で病死等があった住宅,国分寺市,泉町三丁目,1,昭和59,無,２人以上
令和5年11月,居室内で病死等があった住宅,国分寺市,泉町二丁目,1,平成9,有,３人以上
令和5年11月,世帯向（一般募集住宅）,国分寺市,西元町四丁目,1,平成6,無,２人以上
令和5年11月,居室内で病死等があった住宅,国立市,国立北三丁目第２,1,平成3,無,２人以上
令和5年11月,居室内で病死等があった住宅,小平市,上水南町一丁目,1,平成2,無,２人以上
令和5年11月,世帯向（一般募集住宅）,小平市,上水本町,3,昭和60,無,２人以上
令和5年11月,若年夫婦・子育て世帯向（定期使用住宅）,小平市,中島町,1,平成6,有,２人以上
令和5年11月,居室内で病死等があった住宅,小平市,中島町,1,平成3,無,２人以上
令和5年11月,居室内で病死等があった住宅,小平市,中島町,1,平成6,有,２人以上
令和5年11月,居室内で病死等があった住宅,小平市,大沼町一丁目,1,平成9,有,２人以上
令和5年11月,居室内で病死等があった住宅,小平市,大沼町一丁目,1,平成3,有,２人以上
令和5年11月,居室内で病死等があった住宅,小平市,大沼町一丁目,1,平成3,有,２人以上
令和5年11月,世帯向（一般募集住宅）,小平市,大沼町一丁目第２,1,平成6,有,２人以上
令和5年11月,居室内で病死等があった住宅,小平市,大沼町一丁目第３,1,平成10,有,２人以上
令和5年11月,世帯向（一般募集住宅）,小平市,大沼町二丁目,3,平成11,無,２人以上
令和5年11月,世帯向（一般募集住宅）,小平市,大沼町二丁目,1,平成11,無,２人以上
令和5年11月,居室内で病死等があった住宅,小平市,大沼町二丁目,1,平成11,無,２人以上
令和5年11月,居室内で病死等があった住宅,小平市,小川東町二丁目,1,昭和61,有,２人以上
令和5年11月,居室内で病死等があった住宅,小平市,小川東町二丁目,1,昭和61,有,２人以上
令和5年11月,世帯向（一般募集住宅）,小平市,小川西町二丁目,2,平成5,有,２人以上
令和5年11月,居室内で病死等があった住宅,小平市,小川西町二丁目,1,平成5,有,２人以上
令和5年11月,居室内で病死等があった住宅,小平市,小川西町二丁目,1,平成2,有,２人以上
令和5年11月,居室内で病死等があった住宅,小平市,小川西町五丁目,1,平成4,有,２人以上
令和5年11月,居室内で病死等があった住宅,小平市,小平仲町,1,昭和62,無,２人以上
令和5年11月,居室内で病死等があった住宅,小平市,小平仲町,1,昭和62,無,２人以上
令和5年11月,若年夫婦・子育て世帯向（定期使用住宅）,小平市,小平天神町二丁目,2,平成6,有,２人以上
令和5年11月,世帯向（一般募集住宅）,小平市,津田町三丁目,1,平成6,無,２人以上
令和5年11月,居室内で病死等があった住宅,小平市,津田町三丁目,1,昭和57,無,２人以上
令和5年11月,居室内で病死等があった住宅,小平市,津田町三丁目,1,昭和60,有,２人以上
令和5年11月,居室内で病死等があった住宅,小平市,津田町三丁目,1,昭和59,有,２人以上
令和5年11月,居室内で病死等があった住宅,小平市,津田町三丁目,1,昭和60,有,２人以上
令和5年11月,世帯向（一般募集住宅）,小金井市,小金井前原町三丁目,1,昭和59,無,２人以上
令和5年11月,居室内で病死等があった住宅,府中市,天神町二丁目,1,昭和58,無,２人以上
令和5年11月,居室内で病死等があった住宅,府中市,府中北山町一丁目,1,昭和63,無,２人以上
令和5年11月,居室内で病死等があった住宅,府中市,府中北山町四丁目第２,1,昭和63,無,２人以上
令和5年11月,居室内で病死等があった住宅,府中市,府中新町三丁目,1,昭和61,無,２人以上
令和5年11月,居室内で病死等があった住宅,府中市,府中新町三丁目,1,昭和61,無,２人以上
令和5年11月,居室内で病死等があった住宅,府中市,府中新町三丁目,1,昭和62,無,２人以上
令和5年11月,居室内で病死等があった住宅,府中市,府中晴見町二丁目,1,昭和57,有,２人以上
令和5年11月,居室内で病死等があった住宅,府中市,府中武蔵台二丁目第２,1,平成4,無,２人以上
令和5年11月,居室内で病死等があった住宅,日野市,日野万願寺,1,平成4,無,２人以上
令和5年11月,居室内で病死等があった住宅,日野市,日野大坂上三丁目,1,平成3,無,２人以上
令和5年11月,居室内で病死等があった住宅,日野市,日野平山四丁目,1,平成7,有,２人以上
令和5年11月,世帯向（一般募集住宅）,日野市,落川,2,昭和60,無,２人以上
令和5年11月,居室内で病死等があった住宅,昭島市,中神第２,1,昭和62,有,２人以上
令和5年11月,居室内で病死等があった住宅,昭島市,拝島町三丁目,1,平成14,有,２人以上
令和5年11月,居室内で病死等があった住宅,昭島市,拝島町三丁目,1,平成10,有,２人以上
令和5年11月,居室内で病死等があった住宅,昭島市,拝島町三丁目,1,平成10,有,２人以上
令和5年11月,居室内で病死等があった住宅,昭島市,拝島町三丁目,1,平成11,有,２人以上
令和5年11月,居室内で病死等があった住宅,昭島市,拝島町三丁目,1,平成7,有,２人以上
令和5年11月,居室内で病死等があった住宅,昭島市,拝島町三丁目,1,平成7,有,２人以上
令和5年11月,居室内で病死等があった住宅,昭島市,昭島玉川町,1,昭和52,無,２人以上
令和5年11月,居室内で病死等があった住宅,昭島市,松原町一丁目,1,昭和61,無,２人以上
令和5年11月,世帯向（一般募集住宅）,昭島市,美堀町二丁目,5,平成10,無,２人以上
令和5年11月,若年夫婦・子育て世帯向（定期使用住宅）,昭島市,美堀町四丁目,2,平成6,有,２人以上
令和5年11月,居室内で病死等があった住宅,東大和市,東京街道,1,平成11,有,２人以上
令和5年11月,居室内で病死等があった住宅,東大和市,東京街道,1,平成17,有,３人以上
令和5年11月,居室内で病死等があった住宅,東大和市,東京街道,1,平成17,有,３人以上
令和5年11月,居室内で病死等があった住宅,東大和市,東京街道,1,平成17,有,３人以上
令和5年11月,居室内で病死等があった住宅,東大和市,東京街道,1,平成17,有,４人以上
令和5年11月,居室内で病死等があった住宅,東大和市,東京街道,1,平成17,有,４人以上
令和5年11月,居室内で病死等があった住宅,東大和市,東大和向原,1,平成6,有,２人以上
令和5年11月,居室内で病死等があった住宅,東大和市,東大和向原,1,平成9,有,２人以上
令和5年11月,世帯向（一般募集住宅）,東大和市,狭山四丁目,1,昭和62,無,２人以上
令和5年11月,居室内で病死等があった住宅,東村山市,久米川一丁目,1,平成4,無,２人以上
令和5年11月,居室内で病死等があった住宅,東村山市,多摩湖町一丁目第２,1,平成4,有,２人以上
令和5年11月,世帯向（一般募集住宅）,東村山市,東村山富士見町,1,昭和50,有,２人以上
令和5年11月,世帯向（一般募集住宅）,東村山市,東村山富士見町二丁目,2,平成5,有,２人以上
令和5年11月,若年夫婦・子育て世帯向（定期使用住宅）,東村山市,東村山富士見町五丁目,1,昭和58,有,２人以上
令和5年11月,居室内で病死等があった住宅,東村山市,東村山富士見町五丁目,1,昭和58,有,２人以上
令和5年11月,居室内で病死等があった住宅,東村山市,東村山本町,1,平成13,有,２人以上
令和5年11月,居室内で病死等があった住宅,東村山市,東村山本町,1,平成14,有,２人以上
令和5年11月,居室内で病死等があった住宅,東村山市,東村山本町,1,平成5,有,２人以上
令和5年11月,居室内で病死等があった住宅,東村山市,東村山本町,1,平成9,有,２人以上
令和5年11月,居室内で病死等があった住宅,東村山市,東村山本町,1,平成8,有,２人以上
令和5年11月,居室内で病死等があった住宅,東村山市,東村山本町,1,平成8,有,２人以上
令和5年11月,居室内で病死等があった住宅,東村山市,東村山本町,1,平成8,有,２人以上
令和5年11月,居室内で病死等があった住宅,東村山市,東村山本町,1,平成8,有,２人以上
令和5年11月,居室内で病死等があった住宅,東村山市,東村山本町,1,平成8,有,２人以上
令和5年11月,居室内で病死等があった住宅,東村山市,東村山本町,1,平成5,有,２人以上
令和5年11月,居室内で病死等があった住宅,東村山市,東村山本町,1,平成8,有,２人以上
令和5年11月,若年夫婦・子育て世帯向（定期使用住宅）,東村山市,東村山栄町三丁目,1,昭和63,有,２人以上
令和5年11月,世帯向（一般募集住宅）,東村山市,東村山栄町二丁目,1,昭和61,無,２人以上
令和5年11月,居室内で病死等があった住宅,東村山市,東村山栄町二丁目第３,1,昭和62,無,２人以上
令和5年11月,若年夫婦・子育て世帯向（定期使用住宅）,東村山市,東村山萩山町一丁目第２,1,平成10,有,２人以上
令和5年11月,居室内で病死等があった住宅,東村山市,東村山萩山町三丁目,1,昭和58,無,２人以上
令和5年11月,居室内で病死等があった住宅,東村山市,東村山萩山町三丁目,1,昭和58,無,２人以上
令和5年11月,居室内で病死等があった住宅,東村山市,東村山萩山町三丁目,1,昭和58,無,２人以上
令和5年11月,居室内で病死等があった住宅,東村山市,東村山萩山町三丁目,1,昭和58,無,２人以上
令和5年11月,居室内で病死等があった住宅,東村山市,東村山萩山町二丁目,1,昭和56,無,２人以上
令和5年11月,居室内で病死等があった住宅,東村山市,東村山萩山町二丁目,1,昭和56,無,２人以上
令和5年11月,世帯向（一般募集住宅）,東村山市,東村山諏訪町一丁目第２,2,平成5,無,２人以上
令和5年11月,居室内で病死等があった住宅,東村山市,秋津町五丁目,1,昭和56,無,２人以上
令和5年11月,居室内で病死等があった住宅,東村山市,美住町一丁目,1,昭和60,無,２人以上
令和5年11月,居室内で病死等があった住宅,東村山市,美住町一丁目第２,1,平成11,有,２人以上
令和5年11月,居室内で病死等があった住宅,東村山市,美住町一丁目第２,1,昭和61,無,２人以上
令和5年11月,居室内で病死等があった住宅,東村山市,美住町一丁目第３,1,平成8,有,２人以上
令和5年11月,居室内で病死等があった住宅,東村山市,美住町一丁目第３,1,平成8,有,２人以上
令和5年11月,居室内で病死等があった住宅,東村山市,美住町一丁目第３,1,平成8,有,２人以上
令和5年11月,居室内で病死等があった住宅,東村山市,野口町二丁目,1,昭和63,無,２人以上
令和5年11月,居室内で病死等があった住宅,板橋区,前野町一丁目,1,昭和45,有,２人以上
令和5年11月,居室内で病死等があった住宅,板橋区,前野町三丁目,1,昭和46,無,２人以上
令和5年11月,世帯向（一般募集住宅）,板橋区,前野町六丁目第３,1,昭和58,無,３人以上
令和5年11月,世帯向（一般募集住宅）,板橋区,前野町四丁目第３,2,平成4,無,３人以上
令和5年11月,居室内で病死等があった住宅,板橋区,坂下三丁目第２,1,昭和49,有,２人以上
令和5年11月,居室内で病死等があった住宅,板橋区,坂下三丁目第２,1,昭和49,有,２人以上
令和5年11月,居室内で病死等があった住宅,板橋区,坂下三丁目第２,1,昭和49,有,２人以上
令和5年11月,居室内で病死等があった住宅,板橋区,成増五丁目第２,1,平成19,有,３人以上
令和5年11月,居室内で病死等があった住宅,板橋区,成増五丁目第２,1,平成22,有,３人以上
令和5年11月,居室内で病死等があった住宅,板橋区,成増五丁目第２,1,平成22,有,４人以上
令和5年11月,居室内で病死等があった住宅,武蔵野市,吉祥寺北町四丁目,1,昭和51,無,２人以上
令和5年11月,世帯向（一般募集住宅）,武蔵野市,吉祥寺北町四丁目第２,2,昭和52,無,２人以上
令和5年11月,居室内で病死等があった住宅,江戸川区,南篠崎町五丁目,1,昭和63,有,２人以上
令和5年11月,居室内で病死等があった住宅,江戸川区,小松川,1,昭和55,有,３人以上
令和5年11月,居室内で病死等があった住宅,江戸川区,小松川一丁目第２,1,昭和62,有,２人以上
令和5年11月,居室内で病死等があった住宅,江戸川区,平井一丁目,1,昭和43,有,２人以上
令和5年11月,居室内で病死等があった住宅,江戸川区,平井七丁目第３,1,昭和60,有,３人以上
令和5年11月,居室内で病死等があった住宅,江戸川区,平井七丁目第３,1,昭和61,有,３人以上
令和5年11月,居室内で病死等があった住宅,江戸川区,平井四丁目第２,1,昭和45,有,２人以上
令和5年11月,世帯向（一般募集住宅）,江戸川区,江戸川三丁目第３,2,昭和62,有,３人以上
令和5年11月,居室内で病死等があった住宅,江戸川区,江戸川二丁目,1,平成17,有,２人以上
令和5年11月,居室内で病死等があった住宅,江戸川区,江戸川五丁目,1,昭和44,有,２人以上
令和5年11月,居室内で病死等があった住宅,江戸川区,江戸川小島町二丁目,1,昭和47,有,２人以上
令和5年11月,居室内で病死等があった住宅,江戸川区,清新町二丁目第２,1,昭和62,有,３人以上
令和5年11月,居室内で病死等があった住宅,江東区,北砂一丁目第３,1,昭和47,有,２人以上
令和5年11月,居室内で病死等があった住宅,江東区,塩浜一丁目,1,昭和45,有,２人以上
令和5年11月,居室内で病死等があった住宅,江東区,東砂七丁目,1,昭和50,有,２人以上
令和5年11月,居室内で病死等があった住宅,江東区,東雲二丁目,1,昭和50,有,２人以上
令和5年11月,居室内で病死等があった住宅,江東区,東雲二丁目,1,昭和50,有,２人以上
令和5年11月,居室内で病死等があった住宅,清瀬市,中清戸四丁目,1,平成10,有,２人以上
令和5年11月,世帯向（一般募集住宅）,清瀬市,松山一丁目,3,昭和57,無,２人以上
令和5年11月,居室内で病死等があった住宅,清瀬市,松山一丁目,1,昭和57,無,２人以上
令和5年11月,居室内で病死等があった住宅,清瀬市,松山三丁目,1,昭和53,無,２人以上
令和5年11月,世帯向（一般募集住宅）,清瀬市,松山二丁目,1,昭和55,無,２人以上
令和5年11月,世帯向（一般募集住宅）,清瀬市,松山二丁目,1,昭和55,無,２人以上
令和5年11月,世帯向（一般募集住宅）,清瀬市,清瀬元町二丁目,3,昭和55,無,２人以上
令和5年11月,世帯向（一般募集住宅）,清瀬市,清瀬元町二丁目第２,1,昭和55,無,２人以上
令和5年11月,世帯向（一般募集住宅）,清瀬市,清瀬竹丘一丁目,1,平成8,無,２人以上
令和5年11月,居室内で病死等があった住宅,清瀬市,清瀬竹丘二丁目,1,昭和60,有,２人以上
令和5年11月,居室内で病死等があった住宅,清瀬市,清瀬竹丘二丁目,1,平成3,無,２人以上
令和5年11月,居室内で病死等があった住宅,清瀬市,清瀬竹丘二丁目,1,平成3,無,２人以上
令和5年11月,居室内で病死等があった住宅,清瀬市,清瀬竹丘二丁目,1,平成3,無,２人以上
令和5年11月,居室内で病死等があった住宅,清瀬市,清瀬竹丘二丁目,1,昭和63,有,２人以上
令和5年11月,居室内で病死等があった住宅,清瀬市,清瀬竹丘二丁目,1,昭和63,有,２人以上
令和5年11月,居室内で病死等があった住宅,清瀬市,清瀬竹丘二丁目,1,昭和63,有,２人以上
令和5年11月,居室内で病死等があった住宅,清瀬市,清瀬竹丘二丁目,1,平成3,無,２人以上
令和5年11月,居室内で病死等があった住宅,清瀬市,清瀬竹丘二丁目,1,平成3,無,２人以上
令和5年11月,居室内で病死等があった住宅,清瀬市,清瀬竹丘二丁目,1,昭和63,無,２人以上
令和5年11月,居室内で病死等があった住宅,清瀬市,清瀬竹丘二丁目,1,平成6,有,２人以上
令和5年11月,居室内で病死等があった住宅,清瀬市,清瀬竹丘二丁目,1,平成6,有,２人以上
令和5年11月,居室内で病死等があった住宅,清瀬市,清瀬竹丘二丁目,1,昭和60,有,２人以上
令和5年11月,居室内で病死等があった住宅,清瀬市,清瀬野塩,1,平成11,有,２人以上
令和5年11月,居室内で病死等があった住宅,清瀬市,清瀬野塩,1,平成13,有,２人以上
令和5年11月,居室内で病死等があった住宅,町田市,八幡平,1,昭和63,無,２人以上
令和5年11月,居室内で病死等があった住宅,町田市,山崎町第２,1,昭和63,無,２人以上
令和5年11月,居室内で病死等があった住宅,町田市,成瀬,1,昭和53,有,２人以上
令和5年11月,居室内で病死等があった住宅,町田市,成瀬第２,1,昭和57,無,２人以上
令和5年11月,居室内で病死等があった住宅,町田市,木曽森野第１,1,昭和62,有,２人以上
令和5年11月,居室内で病死等があった住宅,町田市,木曽森野第１,1,平成3,有,２人以上
令和5年11月,居室内で病死等があった住宅,町田市,木曽森野第１,1,平成3,無,２人以上
令和5年11月,居室内で病死等があった住宅,町田市,木曽森野第１,1,昭和62,有,２人以上
令和5年11月,居室内で病死等があった住宅,町田市,木曽森野第１,1,昭和62,有,２人以上
令和5年11月,居室内で病死等があった住宅,町田市,木曽森野第１,1,平成4,無,２人以上
令和5年11月,居室内で病死等があった住宅,町田市,木曽森野第１,1,平成3,有,２人以上
令和5年11月,居室内で病死等があった住宅,町田市,森野五丁目,1,平成4,有,２人以上
令和5年11月,居室内で病死等があった住宅,町田市,武蔵岡,1,昭和53,有,２人以上
令和5年11月,居室内で病死等があった住宅,町田市,武蔵岡,1,昭和53,有,２人以上
令和5年11月,居室内で病死等があった住宅,町田市,武蔵岡,1,昭和54,有,２人以上
令和5年11月,居室内で病死等があった住宅,町田市,武蔵岡,1,昭和54,有,２人以上
令和5年11月,居室内で病死等があった住宅,町田市,武蔵岡,1,昭和54,有,２人以上
令和5年11月,居室内で病死等があった住宅,町田市,武蔵岡,1,平成2,有,２人以上
令和5年11月,世帯向（一般募集住宅）,町田市,玉川学園三丁目,1,平成5,無,２人以上
令和5年11月,居室内で病死等があった住宅,町田市,町田中町四丁目,1,昭和54,有,２人以上
令和5年11月,居室内で病死等があった住宅,町田市,町田金森一丁目,1,平成3,有,２人以上
令和5年11月,居室内で病死等があった住宅,町田市,町田金森第２,1,昭和52,無,２人以上
令和5年11月,居室内で病死等があった住宅,町田市,金森第１０,1,平成7,有,２人以上
令和5年11月,居室内で病死等があった住宅,町田市,金森第３,1,昭和54,無,２人以上
令和5年11月,居室内で病死等があった住宅,町田市,金森第５,1,昭和59,有,２人以上
令和5年11月,居室内で病死等があった住宅,町田市,金森第５,1,昭和59,有,２人以上
令和5年11月,居室内で病死等があった住宅,町田市,金森第６,1,平成6,有,２人以上
令和5年11月,居室内で病死等があった住宅,町田市,金森第６,1,平成7,有,２人以上
令和5年11月,居室内で病死等があった住宅,町田市,金森第６,1,昭和61,無,２人以上
令和5年11月,居室内で病死等があった住宅,町田市,高ケ坂,1,平成8,有,２人以上
令和5年11月,居室内で病死等があった住宅,町田市,高ケ坂第２,1,平成12,有,２人以上
令和5年11月,居室内で病死等があった住宅,福生市,熊川,1,平成3,有,２人以上
令和5年11月,居室内で病死等があった住宅,福生市,熊川第２,1,平成3,無,２人以上
令和5年11月,居室内で病死等があった住宅,稲城市,多摩ニュータウン長峰三丁目,1,平成5,有,２人以上
令和5年11月,居室内で病死等があった住宅,立川市,上砂町一丁目,1,平成11,有,２人以上
令和5年11月,居室内で病死等があった住宅,立川市,立川一番町五丁目,1,平成28,有,２人以上
令和5年11月,居室内で病死等があった住宅,立川市,立川富士見町六丁目,1,昭和51,有,２人以上
令和5年11月,世帯向（一般募集住宅）,立川市,立川栄町六丁目,3,昭和59,無,２人以上
令和5年11月,世帯向（一般募集住宅）,立川市,立川錦町二丁目,1,昭和57,無,３人以上
令和5年11月,世帯向（一般募集住宅）,立川市,立川錦町二丁目第２,1,昭和57,無,３人以上
令和5年11月,居室内で病死等があった住宅,練馬区,光が丘第２,1,昭和56,有,３人以上
令和5年11月,居室内で病死等があった住宅,練馬区,光が丘第２,1,昭和56,有,３人以上
令和5年11月,居室内で病死等があった住宅,練馬区,氷川台四丁目,1,昭和59,無,３人以上
令和5年11月,世帯向（一般募集住宅）,練馬区,練馬関町一丁目,2,昭和61,無,２人以上
令和5年11月,若年夫婦・子育て世帯向（定期使用住宅）,練馬区,豊玉中一丁目第３,1,平成4,無,３人以上
令和5年11月,世帯向（一般募集住宅）,練馬区,貫井四丁目,1,昭和55,無,２人以上
令和5年11月,居室内で病死等があった住宅,荒川区,南千住八丁目第３,1,昭和63,有,２人以上
令和5年11月,若年夫婦・子育て世帯向（定期使用住宅）,葛飾区,お花茶屋三丁目,1,昭和57,有,２人以上
令和5年11月,世帯向（一般募集住宅）,葛飾区,亀有一丁目,2,昭和52,無,２人以上
令和5年11月,世帯向（一般募集住宅）,葛飾区,亀有一丁目第３,1,昭和55,有,３人以上
令和5年11月,世帯向（一般募集住宅）,葛飾区,亀有二丁目第７,10,昭和59,無,３人以上
令和5年11月,世帯向（一般募集住宅）,葛飾区,亀有二丁目第８,2,昭和63,有,３人以上
令和5年11月,世帯向（一般募集住宅）,葛飾区,南水元一丁目第２,7,昭和60,有,３人以上
令和5年11月,世帯向（一般募集住宅）,葛飾区,南水元一丁目第２,1,昭和61,無,３人以上
令和5年11月,居室内で病死等があった住宅,葛飾区,南水元一丁目第２,1,昭和60,有,３人以上
令和5年11月,世帯向（一般募集住宅）,葛飾区,南水元一丁目第５,1,平成9,有,３人以上
令和5年11月,世帯向（一般募集住宅）,葛飾区,堀切八丁目第２,1,昭和57,無,３人以上
令和5年11月,居室内で病死等があった住宅,葛飾区,奥戸二丁目,1,昭和43,無,２人以上
令和5年11月,居室内で病死等があった住宅,葛飾区,小菅三丁目,1,昭和53,有,２人以上
令和5年11月,世帯向（一般募集住宅）,葛飾区,新宿六丁目,10,平成17,有,３人以上
令和5年11月,居室内で病死等があった住宅,葛飾区,新宿六丁目,1,平成10,有,３人以上
令和5年11月,若年夫婦・子育て世帯向（定期使用住宅）,葛飾区,東四つ木四丁目,1,平成4,有,２人以上
令和5年11月,世帯向（一般募集住宅）,葛飾区,東堀切三丁目,1,昭和59,無,３人以上
令和5年11月,居室内で病死等があった住宅,葛飾区,東堀切三丁目,1,昭和59,有,２人以上
令和5年11月,居室内で病死等があった住宅,葛飾区,東堀切二丁目第２,1,昭和62,有,３人以上
令和5年11月,世帯向（一般募集住宅）,葛飾区,東堀切二丁目第３,2,平成20,有,３人以上
令和5年11月,世帯向（一般募集住宅）,葛飾区,東金町五丁目,3,昭和53,有,２人以上
令和5年11月,居室内で病死等があった住宅,葛飾区,東金町四丁目,1,昭和61,有,３人以上
令和5年11月,世帯向（一般募集住宅）,葛飾区,細田二丁目,2,昭和59,無,３人以上
令和5年11月,世帯向（一般募集住宅）,葛飾区,葛飾新宿一丁目,1,昭和55,無,３人以上
令和5年11月,世帯向（一般募集住宅）,葛飾区,西亀有三丁目,1,昭和57,有,３人以上
令和5年11月,世帯向（一般募集住宅）,葛飾区,西亀有三丁目第２,1,昭和58,無,３人以上
令和5年11月,世帯向（一般募集住宅）,葛飾区,西亀有二丁目第１１,1,昭和59,無,３人以上
令和5年11月,世帯向（一般募集住宅）,葛飾区,西亀有二丁目第４,2,昭和56,無,３人以上
令和5年11月,世帯向（一般募集住宅）,葛飾区,西亀有二丁目第５,1,昭和56,無,３人以上
令和5年11月,世帯向（一般募集住宅）,葛飾区,西亀有二丁目第８,1,昭和58,無,３人以上
令和5年11月,居室内で病死等があった住宅,葛飾区,西水元五丁目,1,昭和55,有,３人以上
令和5年11月,世帯向（一般募集住宅）,葛飾区,金町四丁目,2,昭和62,有,３人以上
令和5年11月,若年夫婦・子育て世帯向（定期使用住宅）,葛飾区,金町四丁目,1,昭和62,有,２人以上
令和5年11月,世帯向（一般募集住宅）,葛飾区,青戸三丁目,1,昭和51,無,２人以上
令和5年11月,居室内で病死等があった住宅,葛飾区,高砂四丁目,1,平成21,有,２人以上
令和5年11月,世帯向（一般募集住宅）,調布市,上石原一丁目,1,昭和56,無,３人以上
令和5年11月,居室内で病死等があった住宅,調布市,染地三丁目,1,昭和52,無,２人以上
令和5年11月,居室内で病死等があった住宅,調布市,染地三丁目,1,昭和52,無,２人以上
令和5年11月,居室内で病死等があった住宅,調布市,染地三丁目,1,昭和52,無,２人以上
令和5年11月,居室内で病死等があった住宅,調布市,調布富士見町三丁目第３,1,昭和57,無,２人以上
令和5年11月,世帯向（一般募集住宅）,調布市,調布富士見町四丁目,2,昭和55,無,２人以上
令和5年11月,世帯向（一般募集住宅）,足立区,五反野北町,1,昭和62,有,３人以上
令和5年11月,世帯向（一般募集住宅）,足立区,伊興町,1,昭和44,無,２人以上
令和5年11月,居室内で病死等があった住宅,足立区,六ツ木町,1,昭和44,有,２人以上
令和5年11月,居室内で病死等があった住宅,足立区,六月一丁目第３,1,昭和62,有,３人以上
令和5年11月,居室内で病死等があった住宅,足立区,六月二丁目第２,1,昭和53,有,２人以上
令和5年11月,居室内で病死等があった住宅,足立区,島根二丁目第２,1,平成3,有,３人以上
令和5年11月,居室内で病死等があった住宅,足立区,島根四丁目,1,昭和54,有,３人以上
令和5年11月,世帯向（一般募集住宅）,足立区,島根四丁目第２,1,昭和56,有,３人以上
令和5年11月,居室内で病死等があった住宅,足立区,弘道一丁目,1,昭和61,有,３人以上
令和5年11月,居室内で病死等があった住宅,足立区,弘道一丁目第３,1,平成3,有,３人以上
令和5年11月,居室内で病死等があった住宅,足立区,弘道二丁目第２,1,昭和57,有,３人以上
令和5年11月,居室内で病死等があった住宅,足立区,弘道二丁目第２,1,昭和57,有,３人以上
令和5年11月,世帯向（一般募集住宅）,足立区,扇一丁目第２,1,昭和60,有,３人以上
令和5年11月,居室内で病死等があった住宅,足立区,扇一丁目第３,1,平成11,有,３人以上
令和5年11月,居室内で病死等があった住宅,足立区,扇三丁目第２,1,平成22,有,３人以上
令和5年11月,居室内で病死等があった住宅,足立区,新田二丁目第２,1,平成5,有,３人以上
令和5年11月,居室内で病死等があった住宅,足立区,東和四丁目第３,1,昭和55,無,３人以上
令和5年11月,居室内で病死等があった住宅,足立区,竹の塚七丁目第２,1,昭和50,有,２人以上
令和5年11月,居室内で病死等があった住宅,足立区,第１保木間,1,昭和40,有,２人以上
令和5年11月,居室内で病死等があった住宅,足立区,舎人町,1,昭和48,有,２人以上
令和5年11月,居室内で病死等があった住宅,足立区,花畑第４,1,昭和46,無,２人以上
令和5年11月,居室内で病死等があった住宅,足立区,花畑第４,1,昭和46,無,２人以上
令和5年11月,居室内で病死等があった住宅,足立区,花畑第４,1,昭和46,無,２人以上
令和5年11月,居室内で病死等があった住宅,足立区,花畑第４,1,昭和46,無,２人以上
令和5年11月,居室内で病死等があった住宅,足立区,花畑第４,1,昭和46,有,２人以上
令和5年11月,居室内で病死等があった住宅,足立区,花畑第４,1,昭和46,有,２人以上
令和5年11月,居室内で病死等があった住宅,足立区,花畑第４,1,昭和46,有,２人以上
令和5年11月,居室内で病死等があった住宅,足立区,西保木間三丁目,1,昭和43,無,２人以上
令和5年11月,居室内で病死等があった住宅,足立区,西保木間三丁目第２,1,昭和52,有,２人以上
令和5年11月,居室内で病死等があった住宅,足立区,西保木間二丁目第２,1,昭和46,有,２人以上
令和5年11月,居室内で病死等があった住宅,足立区,西保木間二丁目第２,1,昭和46,有,２人以上
令和5年11月,居室内で病死等があった住宅,足立区,西保木間四丁目,1,昭和43,有,２人以上
令和5年11月,居室内で病死等があった住宅,足立区,西新井六丁目,1,昭和48,有,２人以上
令和5年11月,居室内で病死等があった住宅,足立区,足立中央本町一丁目,1,平成4,有,３人以上
令和5年11月,居室内で病死等があった住宅,足立区,足立入谷町,1,昭和54,有,２人以上
令和5年11月,居室内で病死等があった住宅,足立区,足立平野三丁目,1,昭和46,有,２人以上
令和5年11月,居室内で病死等があった住宅,足立区,足立平野三丁目,1,昭和46,有,２人以上
令和5年11月,居室内で病死等があった住宅,足立区,足立平野三丁目,1,昭和46,有,２人以上
令和5年11月,居室内で病死等があった住宅,足立区,青井三丁目,1,昭和51,有,２人以上
令和5年11月,居室内で病死等があった住宅,足立区,青井三丁目第３,1,昭和57,有,３人以上
令和5年11月,居室内で病死等があった住宅,足立区,青井四丁目,1,昭和55,有,２人以上
令和5年11月,居室内で病死等があった住宅,足立区,青井四丁目,1,昭和55,有,３人以上
令和5年11月,居室内で病死等があった住宅,足立区,青井四丁目第２,1,昭和61,有,３人以上
令和6年2月,居室内で病死等があった住宅,小平市,花小金井四丁目,1,平成11,,２人以上
令和6年2月,居室内で病死等があった住宅,東大和市,東大和清水二丁目,1,昭和63,,２人以上
令和6年2月,居室内で病死等があった住宅,清瀬市,中清戸四丁目,1,平成13,,２人以上
令和6年2月,居室内で病死等があった住宅,清瀬市,清瀬野塩,1,平成11,有,２人
令和6年2月,居室内で病死等があった住宅,瑞穂町,瑞穂,1,平成10,,２人以上
令和6年2月,居室内で病死等があった住宅,町田市,金森第８,1,平成5,,２人以上
令和6年2月,居室内で病死等があった住宅,足立区,六ツ木町,1,昭和44,有,１人
令和6年2月,居室内で病死等があった住宅,足立区,北鹿浜第２,1,昭和44,無,１人
令和6年2月,居室内で病死等があった住宅,足立区,宮城第３,1,昭和44,有,１人
令和6年5月,世帯向（一般募集住宅）,三鷹市,中原四丁目第２,2,昭和48,有,２人以上
令和6年5月,世帯向（一般募集住宅）,三鷹市,中原四丁目第２,2,昭和48,無,２人以上
令和6年5月,若年夫婦・子育て世帯向（定期使用住宅）,八王子市,多摩ニュータウン別所,2,昭和63,有,２人以上
令和6年5月,居室内で病死等があった住宅,国立市,青柳南,1,昭和44,有,単身
令和6年5月,世帯向（一般募集住宅）,小平市,大沼町一丁目,1,平成3,有,２人以上
令和6年5月,若年夫婦・子育て世帯向（定期使用住宅）,府中市,府中南町四丁目,1,平成24,有,３人以上
令和6年5月,世帯向（一般募集住宅）,府中市,府中新町一丁目,1,昭和58,無,２人以上
令和6年5月,世帯向（一般募集住宅）,府中市,府中晴見町二丁目,1,昭和55,無,２人以上
令和6年5月,若年夫婦・子育て世帯向（定期使用住宅）,府中市,府中晴見町二丁目,3,昭和55,無,２人以上
令和6年5月,世帯向（一般募集住宅）,府中市,府中栄町一丁目,1,昭和52,無,２人以上
令和6年5月,世帯向（一般募集住宅）,東大和市,狭山四丁目,1,昭和62,無,２人以上
令和6年5月,世帯向（一般募集住宅）,東村山市,東村山栄町二丁目,1,昭和61,有,２人以上
令和6年5月,世帯向（一般募集住宅）,板橋区,相生町第２,2,昭和60,無,３人以上
令和6年5月,世帯向（一般募集住宅）,武蔵野市,境五丁目,1,昭和57,無,２人以上
令和6年5月,世帯向（一般募集住宅）,江戸川区,小松川,1,昭和55,有,２人以上
令和6年5月,居室内で病死等があった住宅,江戸川区,小松川,1,昭和55,有,１人以上
令和6年5月,世帯向（一般募集住宅）,江戸川区,平井七丁目第５,1,昭和48,無,２人以上
令和6年5月,若年夫婦・子育て世帯向（定期使用住宅）,江東区,亀戸九丁目,3,昭和53,有,２人以上
令和6年5月,世帯向（一般募集住宅）,江東区,大島九丁目,1,昭和62,有,３人以上
令和6年5月,若年夫婦・子育て世帯向（定期使用住宅）,江東区,東砂八丁目,1,平成26,有,４人以上
令和6年5月,世帯向（一般募集住宅）,江東区,東雲一丁目,1,昭和44,有,２人以上
令和6年5月,若年夫婦・子育て世帯向（定期使用住宅）,江東区,東雲二丁目第２,3,平成4,有,２人以上
令和6年5月,世帯向（一般募集住宅）,江東区,枝川一丁目,5,昭和47,有,２人以上
令和6年5月,世帯向（一般募集住宅）,清瀬市,清瀬元町二丁目,1,昭和55,無,２人以上
令和6年5月,世帯向（一般募集住宅）,清瀬市,清瀬竹丘三丁目,1,昭和51,有,２人以上
令和6年5月,世帯向（一般募集住宅）,町田市,成瀬第２,3,昭和57,無,２人以上
令和6年5月,世帯向（一般募集住宅）,町田市,森野六丁目,1,平成5,無,２人以上
令和6年5月,世帯向（一般募集住宅）,町田市,町田金森第２,1,昭和52,無,１人以上
令和6年5月,世帯向（一般募集住宅）,町田市,金森第３,1,昭和54,無,１人以上
令和6年5月,世帯向（一般募集住宅）,町田市,金森第５,1,昭和59,有,１人以上
令和6年5月,若年夫婦・子育て世帯向（定期使用住宅）,練馬区,練馬関町北一丁目,1,昭和59,無,２人以上
令和6年5月,世帯向（一般募集住宅）,調布市,染地一丁目,1,昭和54,無,２人以上
令和6年5月,世帯向（一般募集住宅）,足立区,伊興町,2,昭和44,無,２人以上
令和6年5月,世帯向（一般募集住宅）,足立区,千住元町,1,昭和44,有,２人以上
令和6年5月,若年夫婦・子育て世帯向（定期使用住宅）,足立区,扇一丁目第４,2,平成28,有,３人以上
令和6年5月,世帯向（一般募集住宅）,足立区,足立平野三丁目,1,昭和46,有,２人以上
令和6年8月,単身者用車いす使用者向,三鷹市,中原四丁目第１,1,昭和48,有,１人
令和6年8月,シルバーピア,八王子市,中野山王三丁目,1,平成13,有,２人
令和6年8月,居室内で病死等があった住宅,八王子市,中野山王三丁目,1,平成14,有,１人
令和6年8月,居室内で病死等があった住宅,武蔵村山市,村山,1,平成12,有,１人
令和6年11月,世帯向（一般募集住宅）,三鷹市,三鷹井口,3,昭和60,無,２人以上
令和6年11月,世帯向（一般募集住宅）,三鷹市,上連雀九丁目,2,昭和51,無,２人以上
令和6年11月,世帯向（一般募集住宅）,三鷹市,下連雀一丁目,1,平成3,無,３人以上
令和6年11月,世帯向（一般募集住宅）,世田谷区,上用賀六丁目第２,1,昭和58,無,３人以上
令和6年11月,世帯向（一般募集住宅）,世田谷区,弦巻五丁目第２,1,昭和57,無,３人以上
令和6年11月,世帯向（一般募集住宅）,世田谷区,赤堤三丁目,1,昭和56,無,３人以上
令和6年11月,世帯向（一般募集住宅）,八王子市,多摩ニュータウン別所一丁目第２,3,平成7,有,２人以上
令和6年11月,世帯向（一般募集住宅）,八王子市,多摩ニュータウン別所一丁目第３,3,平成8,有,２人以上
令和6年11月,世帯向（一般募集住宅）,八王子市,多摩ニュータウン松が谷,3,昭和51,有,２人以上
令和6年11月,世帯向（一般募集住宅）,八王子市,多摩ニュータウン松が谷,3,昭和55,無,２人以上
令和6年11月,世帯向（一般募集住宅）,国分寺市,国分寺内藤一丁目第２,1,平成3,無,２人以上
令和6年11月,若年夫婦・子育て世帯向（定期使用住宅）,国分寺市,国分寺西町一丁目,1,昭和55,無,２人以上
令和6年11月,世帯向（一般募集住宅）,国分寺市,富士本三丁目,3,昭和51,無,２人以上
令和6年11月,世帯向（一般募集住宅）,国分寺市,富士本三丁目第２,1,昭和53,無,２人以上
令和6年11月,若年夫婦・子育て世帯向（定期使用住宅）,国分寺市,西元町四丁目,1,平成6,無,２人以上
令和6年11月,世帯向（一般募集住宅）,国立市,国立北三丁目,1,昭和63,無,２人以上
令和6年11月,世帯向（一般募集住宅）,国立市,国立東四丁目,2,昭和57,無,３人以上
令和6年11月,世帯向（一般募集住宅）,多摩市,多摩ニュータウン豊ケ丘,4,昭和48,無,２人以上
令和6年11月,世帯向（一般募集住宅）,小平市,上水本町,1,昭和60,無,２人以上
令和6年11月,世帯向（一般募集住宅）,小平市,中島町,1,平成3,無,２人以上
令和6年11月,世帯向（一般募集住宅）,小平市,大沼町二丁目,1,平成11,無,２人以上
令和6年11月,世帯向（一般募集住宅）,小平市,学園東町,2,昭和63,無,２人以上
令和6年11月,世帯向（一般募集住宅）,小平市,学園西町一丁目第２,1,平成5,無,２人以上
令和6年11月,世帯向（一般募集住宅）,小平市,学園西町二丁目,3,昭和54,無,２人以上
令和6年11月,世帯向（一般募集住宅）,小平市,小川東町,2,昭和62,無,２人以上
令和6年11月,世帯向（一般募集住宅）,小平市,小川町二丁目,2,平成4,無,２人以上
令和6年11月,世帯向（一般募集住宅）,小平市,小川西町一丁目,1,平成3,有,２人以上
令和6年11月,世帯向（一般募集住宅）,小平市,小川西町四丁目,1,平成8,有,２人以上
令和6年11月,世帯向（一般募集住宅）,小平市,小平仲町,2,昭和62,無,２人以上
令和6年11月,若年夫婦・子育て世帯向（定期使用住宅）,小平市,小平天神町二丁目,2,平成6,有,２人以上
令和6年11月,世帯向（一般募集住宅）,小平市,津田町一丁目,2,昭和63,無,２人以上
令和6年11月,世帯向（一般募集住宅）,小平市,津田町三丁目,1,昭和60,無,２人以上
令和6年11月,世帯向（一般募集住宅）,府中市,府中北山町三丁目,1,昭和63,無,２人以上
令和6年11月,世帯向（一般募集住宅）,府中市,府中新町一丁目第２,2,昭和63,無,２人以上
令和6年11月,世帯向（一般募集住宅）,府中市,府中新町一丁目第２,1,昭和63,無,２人以上
令和6年11月,世帯向（一般募集住宅）,府中市,府中栄町二丁目,2,平成6,無,３人以上
令和6年11月,世帯向（一般募集住宅）,府中市,府中美好町一丁目,1,昭和57,無,２人以上
令和6年11月,世帯向（一般募集住宅）,府中市,府中美好町二丁目,1,昭和49,無,２人以上
令和6年11月,世帯向（一般募集住宅）,日野市,日野栄町二丁目,2,平成2,無,２人以上
令和6年11月,若年夫婦・子育て世帯向（定期使用住宅）,日野市,日野神明三丁目,1,平成6,無,２人以上
令和6年11月,若年夫婦・子育て世帯向（定期使用住宅）,昭島市,美堀町二丁目,1,平成10,無,２人以上
令和6年11月,世帯向（一般募集住宅）,東村山市,多摩湖町一丁目第２,1,平成4,有,２人以上
令和6年11月,世帯向（一般募集住宅）,東村山市,多摩湖町一丁目第２,2,平成4,無,２人以上
令和6年11月,世帯向（一般募集住宅）,東村山市,恩多町三丁目,1,昭和63,無,２人以上
令和6年11月,世帯向（一般募集住宅）,東村山市,東村山富士見町二丁目,3,平成5,有,２人以上
令和6年11月,若年夫婦・子育て世帯向（定期使用住宅）,東村山市,東村山富士見町五丁目,2,昭和58,有,２人以上
令和6年11月,若年夫婦・子育て世帯向（定期使用住宅）,東村山市,東村山萩山町一丁目,2,昭和60,無,２人以上
令和6年11月,世帯向（一般募集住宅）,東村山市,美住町一丁目第２,3,昭和61,無,２人以上
令和6年11月,世帯向（一般募集住宅）,東村山市,美住町一丁目第２,2,平成11,有,２人以上
令和6年11月,世帯向（一般募集住宅）,板橋区,前野町五丁目,3,昭和48,無,２人以上
令和6年11月,世帯向（一般募集住宅）,板橋区,前野町四丁目,2,昭和44,無,２人以上
令和6年11月,世帯向（一般募集住宅）,板橋区,坂下一丁目第２,2,昭和47,有,２人以上
令和6年11月,世帯向（一般募集住宅）,板橋区,坂下一丁目第３,2,昭和48,無,２人以上
令和6年11月,居室内で病死等があった住宅,板橋区,坂下一丁目第４,1,昭和48,有,１人以上
令和6年11月,居室内で病死等があった住宅,板橋区,坂下三丁目第２,1,昭和49,有,１人以上
令和6年11月,世帯向（一般募集住宅）,板橋区,相生町,2,昭和48,無,２人以上
令和6年11月,世帯向（一般募集住宅）,板橋区,赤塚六丁目,2,昭和63,無,２人以上
令和6年11月,世帯向（一般募集住宅）,江戸川区,下篠崎町,1,平成27,有,３人以上
令和6年11月,居室内で病死等があった住宅,江東区,東砂八丁目第２,1,昭和44,有,１～２人
令和6年11月,世帯向（一般募集住宅）,清瀬市,松山一丁目,1,昭和57,有,２人以上
令和6年11月,若年夫婦・子育て世帯向（定期使用住宅）,清瀬市,松山一丁目,3,昭和57,無,２人以上
令和6年11月,世帯向（一般募集住宅）,清瀬市,松山三丁目,1,昭和53,有,２人以上
令和6年11月,若年夫婦・子育て世帯向（定期使用住宅）,清瀬市,松山三丁目,1,昭和53,無,２人以上
令和6年11月,世帯向（一般募集住宅）,清瀬市,松山二丁目,1,昭和55,無,２人以上
令和6年11月,世帯向（一般募集住宅）,清瀬市,清瀬竹丘一丁目,1,平成8,無,２人以上
令和6年11月,世帯向（一般募集住宅）,清瀬市,清瀬竹丘三丁目第２,2,平成7,有,２人以上
令和6年11月,世帯向（一般募集住宅）,清瀬市,清瀬竹丘二丁目,1,平成6,無,２人以上
令和6年11月,世帯向（一般募集住宅）,町田市,本町田,3,昭和62,無,２人以上
令和6年11月,世帯向（一般募集住宅）,町田市,森野五丁目,1,平成4,有,２人以上
令和6年11月,世帯向（一般募集住宅）,町田市,森野六丁目,2,平成5,有,２人以上
令和6年11月,世帯向（一般募集住宅）,町田市,森野六丁目,1,平成5,有,２人以上
令和6年11月,世帯向（一般募集住宅）,町田市,玉川学園三丁目,2,平成5,無,２人以上
令和6年11月,世帯向（一般募集住宅）,町田市,町田金森一丁目,1,平成3,有,２人以上
令和6年11月,世帯向（一般募集住宅）,町田市,町田金森一丁目,1,平成3,無,２人以上
令和6年11月,世帯向（一般募集住宅）,町田市,金森第３,2,昭和54,有,２人以上
令和6年11月,世帯向（一般募集住宅）,立川市,柏町一丁目,2,昭和63,無,２人以上
令和6年11月,世帯向（一般募集住宅）,立川市,立川富士見町五丁目第２,1,平成2,有,３人以上
令和6年11月,若年夫婦・子育て世帯向（定期使用住宅）,立川市,立川柴崎町一丁目,1,昭和59,無,２人以上
令和6年11月,世帯向（一般募集住宅）,練馬区,上石神井一丁目,1,昭和57,無,３人以上
令和6年11月,世帯向（一般募集住宅）,練馬区,石神井台七丁目第２,1,昭和55,無,２人以上
令和6年11月,世帯向（一般募集住宅）,練馬区,練馬二丁目第２,2,昭和62,無,３人以上
令和6年11月,世帯向（一般募集住宅）,練馬区,練馬四丁目,1,平成5,無,３人以上
令和6年11月,世帯向（一般募集住宅）,練馬区,練馬関町一丁目,1,昭和51,無,２人以上
令和6年11月,若年夫婦・子育て世帯向（定期使用住宅）,練馬区,練馬関町北三丁目第３,1,昭和60,無,２人以上
令和6年11月,世帯向（一般募集住宅）,練馬区,練馬関町南四丁目第２,1,平成12,無,２人以上
令和6年11月,世帯向（一般募集住宅）,葛飾区,亀有二丁目第３,2,昭和55,無,２人以上
令和6年11月,世帯向（一般募集住宅）,葛飾区,亀有二丁目第７,3,昭和59,無,２人以上
令和6年11月,世帯向（一般募集住宅）,葛飾区,亀有二丁目第８,1,昭和63,無,２人以上
令和6年11月,世帯向（一般募集住宅）,葛飾区,南水元一丁目第４,1,平成6,有,２人以上
令和6年11月,世帯向（一般募集住宅）,葛飾区,南水元一丁目第４,1,平成6,有,３人以上
令和6年11月,世帯向（一般募集住宅）,葛飾区,南水元一丁目第５,1,平成9,有,２人以上
令和6年11月,世帯向（一般募集住宅）,葛飾区,堀切八丁目,2,昭和52,有,２人以上
令和6年11月,世帯向（一般募集住宅）,葛飾区,堀切八丁目第２,1,昭和57,無,２人以上
令和6年11月,世帯向（一般募集住宅）,葛飾区,東堀切二丁目,2,昭和59,無,２人以上
令和6年11月,世帯向（一般募集住宅）,葛飾区,東金町五丁目,1,昭和53,無,２人以上
令和6年11月,世帯向（一般募集住宅）,葛飾区,柴又一丁目,1,昭和51,無,２人以上
令和6年11月,世帯向（一般募集住宅）,葛飾区,柴又一丁目第３,1,昭和55,無,２人以上
令和6年11月,世帯向（一般募集住宅）,葛飾区,柴又四丁目,1,昭和48,無,２人以上
令和6年11月,世帯向（一般募集住宅）,葛飾区,柴又四丁目第２,2,昭和63,有,３人以上
令和6年11月,若年夫婦・子育て世帯向（定期使用住宅）,葛飾区,柴又四丁目第２,1,昭和63,有,２人以上
令和6年11月,世帯向（一般募集住宅）,葛飾区,柴又四丁目第３,1,昭和63,有,２人以上
令和6年11月,世帯向（一般募集住宅）,葛飾区,白鳥三丁目第２,1,昭和57,無,３人以上
令和6年11月,世帯向（一般募集住宅）,葛飾区,西亀有一丁目,1,平成24,有,３人以上
令和6年11月,世帯向（一般募集住宅）,葛飾区,西亀有三丁目,1,昭和57,有,２人以上
令和6年11月,世帯向（一般募集住宅）,葛飾区,西亀有三丁目第２,1,昭和58,有,２人以上
令和6年11月,世帯向（一般募集住宅）,葛飾区,西亀有二丁目第１０,1,昭和59,有,２人以上
令和6年11月,世帯向（一般募集住宅）,葛飾区,西亀有二丁目第１１,2,昭和59,無,２人以上
令和6年11月,世帯向（一般募集住宅）,葛飾区,西亀有二丁目第１２,1,昭和60,無,２人以上
令和6年11月,世帯向（一般募集住宅）,葛飾区,西亀有二丁目第１３,1,昭和60,有,３人以上
令和6年11月,世帯向（一般募集住宅）,葛飾区,西亀有二丁目第１６,1,昭和61,無,２人以上
令和6年11月,世帯向（一般募集住宅）,葛飾区,西亀有二丁目第１７,1,昭和61,無,３人以上
令和6年11月,世帯向（一般募集住宅）,葛飾区,西亀有二丁目第１８,2,昭和61,無,２人以上
令和6年11月,世帯向（一般募集住宅）,葛飾区,西亀有二丁目第１９,1,昭和61,無,２人以上
令和6年11月,世帯向（一般募集住宅）,葛飾区,西亀有二丁目第２,2,昭和56,無,２人以上
令和6年11月,世帯向（一般募集住宅）,葛飾区,西亀有二丁目第２０,1,昭和62,無,２人以上
令和6年11月,世帯向（一般募集住宅）,葛飾区,西亀有二丁目第４,2,昭和56,無,２人以上
令和6年11月,世帯向（一般募集住宅）,葛飾区,西亀有二丁目第５,1,昭和56,無,２人以上
令和6年11月,世帯向（一般募集住宅）,葛飾区,西亀有二丁目第７,2,昭和58,有,３人以上
令和6年11月,世帯向（一般募集住宅）,調布市,上石原一丁目第２,1,昭和59,無,３人以上
令和6年11月,世帯向（一般募集住宅）,調布市,調布富士見町四丁目,1,昭和55,無,２人以上
令和6年11月,世帯向（一般募集住宅）,調布市,調布深大寺町,1,昭和55,無,２人以上
令和6年11月,世帯向（一般募集住宅）,足立区,中川二丁目,2,昭和51,無,２人以上
令和6年11月,世帯向（一般募集住宅）,足立区,五反野北町,2,昭和62,有,２人以上
令和6年11月,世帯向（一般募集住宅）,足立区,五反野北町,2,昭和62,有,２人以上
令和6年11月,世帯向（一般募集住宅）,足立区,伊興町本町,1,昭和57,有,２人以上
令和6年11月,世帯向（一般募集住宅）,足立区,六月一丁目第４,2,平成3,有,３人以上
令和6年11月,世帯向（一般募集住宅）,足立区,大谷田一丁目第４,1,平成3,無,３人以上
令和6年11月,居室内で病死等があった住宅,足立区,島根二丁目第２,1,平成7,有,１人以上
令和6年11月,居室内で病死等があった住宅,足立区,弘道一丁目,1,昭和61,有,１人以上
令和6年11月,世帯向（一般募集住宅）,足立区,竹の塚七丁目第２,2,昭和50,有,２人以上
令和6年11月,世帯向（一般募集住宅）,足立区,舎人町,1,昭和48,有,４人以上
令和6年11月,世帯向（一般募集住宅）,足立区,花畑八丁目,2,平成4,有,２人以上
令和6年11月,居室内で病死等があった住宅,足立区,西新井六丁目,1,昭和48,有,１人以上
令和6年11月,世帯向（一般募集住宅）,足立区,青井二丁目,1,昭和56,有,２人以上
令和6年11月,世帯向（一般募集住宅）,足立区,青井六丁目,2,昭和58,有,２人以上
令和6年11月,居室内で病死等があった住宅,足立区,鹿浜五丁目,1,昭和46,有,１人以上
令和7年2月,居室内で病死等があった住宅,八王子市,八王子石川町第２,1,平成13,有,１人
令和7年2月,居室内で病死等があった住宅,多摩市,多摩ニュータウン愛宕,1,昭和45,無,１人
令和7年2月,居室内で病死等があった住宅,小平市,花小金井四丁目,1,平成11,有,２人以上
令和7年2月,居室内で病死等があった住宅,東大和市,東大和清水二丁目,1,昭和63,無,２人以上
令和7年2月,居室内で病死等があった住宅,瑞穂町,瑞穂,1,平成10,有,２人以上
令和7年2月,居室内で病死等があった住宅,足立区,北鹿浜第２,1,昭和44,無,１人
令和7年2月,居室内で病死等があった住宅,足立区,宮城第３,1,昭和44,有,１人
令和7年5月,世帯向（一般募集住宅）,三鷹市,三鷹井口,4,昭和60,無,２人以上
令和7年5月,世帯向（一般募集住宅）,三鷹市,上連雀九丁目第２,3,昭和55,無,２人以上
令和7年5月,世帯向（一般募集住宅）,三鷹市,下連雀七丁目,1,昭和45,有,単身
令和7年5月,世帯向（一般募集住宅）,三鷹市,井口二丁目第１,2,昭和62,無,２人以上
令和7年5月,世帯向（一般募集住宅）,八王子市,多摩ニュータウン下柚木第２,3,平成3,無,２人以上
令和7年5月,世帯向（一般募集住宅）,八王子市,多摩ニュータウン別所一丁目第２,2,平成7,有,２人以上
令和7年5月,世帯向（一般募集住宅）,八王子市,多摩ニュータウン別所一丁目第３,1,平成8,有,２人以上
令和7年5月,世帯向（一般募集住宅）,八王子市,多摩ニュータウン松が谷,3,昭和48,無,２人以上
令和7年5月,世帯向（一般募集住宅）,八王子市,多摩ニュータウン松が谷,2,昭和55,無,２人以上
令和7年5月,世帯向（一般募集住宅）,八王子市,多摩ニュータウン松が谷,2,昭和51,有,２人以上
令和7年5月,世帯向（一般募集住宅）,八王子市,長房西,2,昭和51,無,２人以上
令和7年5月,世帯向（一般募集住宅）,国分寺市,国分寺内藤一丁目第３,1,平成4,無,２人以上
令和7年5月,世帯向（一般募集住宅）,国分寺市,富士本三丁目,1,昭和51,無,２人以上
令和7年5月,世帯向（一般募集住宅）,国分寺市,富士本三丁目第２,1,昭和53,無,２人以上
令和7年5月,世帯向（一般募集住宅）,大田区,西糀谷二丁目第２,2,昭和48,無,２人以上
令和7年5月,世帯向（一般募集住宅）,小平市,上水南町一丁目,3,平成2,無,２人以上
令和7年5月,世帯向（一般募集住宅）,小平市,大沼町一丁目,2,平成6,無,２人以上
令和7年5月,世帯向（一般募集住宅）,小平市,大沼町一丁目,2,平成3,有,２人以上
令和7年5月,世帯向（一般募集住宅）,小平市,大沼町一丁目第３,2,平成10,有,２人以上
令和7年5月,世帯向（一般募集住宅）,小平市,学園東町第３,2,平成7,無,２人以上
令和7年5月,世帯向（一般募集住宅）,小平市,小川町一丁目,2,昭和63,有,２人以上
令和7年5月,若年夫婦・子育て世帯向（定期使用住宅）,小平市,小川町二丁目,2,平成4,無,２人以上
令和7年5月,世帯向（一般募集住宅）,小平市,小川西町二丁目,2,平成2,有,２人以上
令和7年5月,世帯向（一般募集住宅）,小平市,小川西町四丁目,1,平成8,無,２人以上
令和7年5月,世帯向（一般募集住宅）,小平市,小平仲町,1,昭和62,無,２人以上
令和7年5月,世帯向（一般募集住宅）,小平市,小平天神町二丁目,5,平成6,有,２人以上
令和7年5月,世帯向（一般募集住宅）,小平市,小平天神町二丁目第２,3,平成7,有,２人以上
令和7年5月,世帯向（一般募集住宅）,小平市,小平天神町二丁目第２,3,平成7,有,２人以上
令和7年5月,世帯向（一般募集住宅）,小平市,津田町三丁目,2,昭和57,無,５人以上
令和7年5月,世帯向（一般募集住宅）,府中市,府中北山町三丁目,4,昭和63,無,２人以上
令和7年5月,世帯向（一般募集住宅）,府中市,府中北山町二丁目,2,昭和63,無,２人以上
令和7年5月,世帯向（一般募集住宅）,府中市,府中北山町四丁目第２,1,昭和63,無,２人以上
令和7年5月,世帯向（一般募集住宅）,府中市,府中幸町一丁目,2,昭和61,無,２人以上
令和7年5月,世帯向（一般募集住宅）,府中市,府中新町一丁目,2,昭和58,無,２人以上
令和7年5月,世帯向（一般募集住宅）,府中市,府中新町一丁目第２,1,昭和63,無,２人以上
令和7年5月,世帯向（一般募集住宅）,府中市,府中栄町二丁目第２,2,平成7,有,４人以上
令和7年5月,若年夫婦・子育て世帯向（定期使用住宅）,府中市,府中武蔵台二丁目第２,1,平成7,有,２人以上
令和7年5月,世帯向（一般募集住宅）,日野市,日野三沢,1,昭和46,無,単身
令和7年5月,世帯向（一般募集住宅）,昭島市,拝島町三丁目,2,平成20,有,２人以上
令和7年5月,世帯向（一般募集住宅）,昭島市,拝島町三丁目,2,平成20,有,２人以上
令和7年5月,世帯向（一般募集住宅）,東村山市,久米川一丁目,2,平成4,無,２人以上
令和7年5月,世帯向（一般募集住宅）,東村山市,廻田町三丁目,2,平成4,無,２人以上
令和7年5月,世帯向（一般募集住宅）,東村山市,東村山富士見町二丁目,3,平成5,有,２人以上
令和7年5月,世帯向（一般募集住宅）,東村山市,東村山栄町三丁目,1,昭和63,有,２人以上
令和7年5月,世帯向（一般募集住宅）,東村山市,東村山栄町二丁目第３,2,昭和62,無,２人以上
令和7年5月,世帯向（一般募集住宅）,東村山市,東村山栄町二丁目第４,1,昭和62,有,２人以上
令和7年5月,若年夫婦・子育て世帯向（定期使用住宅）,東村山市,東村山栄町二丁目第４,1,昭和62,有,２人以上
令和7年5月,世帯向（一般募集住宅）,東村山市,東村山萩山町一丁目,1,昭和60,無,２人以上
令和7年5月,世帯向（一般募集住宅）,東村山市,東村山萩山町三丁目,7,昭和58,無,２人以上
令和7年5月,世帯向（一般募集住宅）,東村山市,秋津町五丁目,2,昭和56,無,２人以上
令和7年5月,世帯向（一般募集住宅）,東村山市,美住町一丁目,4,昭和60,無,２人以上
令和7年5月,世帯向（一般募集住宅）,板橋区,前野町五丁目,2,昭和48,無,２人以上
令和7年5月,世帯向（一般募集住宅）,板橋区,前野町四丁目第２,1,昭和48,有,２人以上
令和7年5月,世帯向（一般募集住宅）,板橋区,坂下一丁目第２,2,昭和47,有,２人以上
令和7年5月,世帯向（一般募集住宅）,板橋区,大谷口北町第２,4,平成4,無,３人以上
令和7年5月,世帯向（一般募集住宅）,武蔵野市,吉祥寺北町四丁目第２,1,昭和52,無,２人以上
令和7年5月,世帯向（一般募集住宅）,武蔵野市,境五丁目,1,昭和57,無,２人以上
令和7年5月,世帯向（一般募集住宅）,江戸川区,小松川一丁目第３,1,昭和63,有,３人以上
令和7年5月,世帯向（一般募集住宅）,江戸川区,江戸川五丁目,3,昭和44,有,２人以上
令和7年5月,若年夫婦・子育て世帯向（定期使用住宅）,江東区,東砂二丁目第２,9,平成30,有,３人以上
令和7年5月,世帯向（一般募集住宅）,江東区,東雲一丁目,2,昭和44,有,２人以上
令和7年5月,若年夫婦・子育て世帯向（定期使用住宅）,江東区,東雲二丁目,2,昭和50,有,２人以上
令和7年5月,世帯向（一般募集住宅）,江東区,枝川一丁目第３,2,平成11,有,２人以上
令和7年5月,世帯向（一般募集住宅）,江東区,枝川一丁目第３,1,平成11,有,５人以上
令和7年5月,世帯向（一般募集住宅）,江東区,豊洲一丁目,1,昭和46,有,２人以上
令和7年5月,世帯向（一般募集住宅）,清瀬市,松山二丁目,1,昭和55,無,２人以上
令和7年5月,世帯向（一般募集住宅）,清瀬市,清瀬竹丘三丁目第２,1,平成7,有,２人以上
令和7年5月,世帯向（一般募集住宅）,町田市,森野五丁目,2,平成4,無,２人以上
令和7年5月,若年夫婦・子育て世帯向（定期使用住宅）,町田市,玉川学園三丁目,1,平成5,無,２人以上
令和7年5月,世帯向（一般募集住宅）,町田市,町田金森一丁目,1,平成3,無,２人以上
令和7年5月,世帯向（一般募集住宅）,町田市,町田金森第２,2,昭和52,無,２人以上
令和7年5月,世帯向（一般募集住宅）,町田市,金森第１０,3,平成7,有,２人以上
令和7年5月,世帯向（一般募集住宅）,町田市,金森第３,3,昭和54,無,２人以上
令和7年5月,世帯向（一般募集住宅）,町田市,金森第４,2,昭和58,有,２人以上
令和7年5月,世帯向（一般募集住宅）,町田市,金森第７,2,昭和60,無,２人以上
令和7年5月,世帯向（一般募集住宅）,町田市,金森第８,1,平成5,無,２人以上
令和7年5月,世帯向（一般募集住宅）,町田市,高ケ坂,3,平成8,有,２人以上
令和7年5月,世帯向（一般募集住宅）,立川市,上砂町一丁目,3,平成5,有,２人以上
令和7年5月,世帯向（一般募集住宅）,立川市,立川富士見町四丁目,2,平成6,無,２人以上
令和7年5月,世帯向（一般募集住宅）,練馬区,桜台六丁目第２,2,昭和62,無,３人以上
令和7年5月,世帯向（一般募集住宅）,練馬区,石神井町八丁目,1,昭和61,無,３人以上
令和7年5月,世帯向（一般募集住宅）,練馬区,練馬関町一丁目第２,3,昭和55,無,２人以上
令和7年5月,世帯向（一般募集住宅）,練馬区,練馬関町北三丁目第２,2,昭和55,無,２人以上
令和7年5月,世帯向（一般募集住宅）,練馬区,練馬関町北三丁目第３,1,昭和60,無,２人以上
令和7年5月,世帯向（一般募集住宅）,練馬区,練馬関町北三丁目第４,1,昭和62,無,３人以上
令和7年5月,世帯向（一般募集住宅）,練馬区,練馬関町北四丁目第４,1,平成9,無,３人以上
令和7年5月,世帯向（一般募集住宅）,葛飾区,亀有二丁目第３,1,昭和55,無,２人以上
令和7年5月,世帯向（一般募集住宅）,葛飾区,亀有二丁目第６,3,昭和58,無,２人以上
令和7年5月,世帯向（一般募集住宅）,葛飾区,亀有二丁目第６,2,昭和58,無,２人以上
令和7年5月,世帯向（一般募集住宅）,葛飾区,南水元一丁目第２,2,昭和60,有,２人以上
令和7年5月,世帯向（一般募集住宅）,葛飾区,南水元一丁目第４,1,平成6,有,２人以上
令和7年5月,世帯向（一般募集住宅）,葛飾区,東堀切一丁目第２,2,平成6,無,２人以上
令和7年5月,世帯向（一般募集住宅）,葛飾区,東金町二丁目,1,昭和63,有,２人以上
令和7年5月,世帯向（一般募集住宅）,葛飾区,東金町二丁目第２,1,昭和63,有,２人以上
令和7年5月,世帯向（一般募集住宅）,葛飾区,東金町二丁目第２,2,昭和63,有,２人以上
令和7年5月,世帯向（一般募集住宅）,葛飾区,東金町二丁目第５,4,平成2,無,２人以上
令和7年5月,世帯向（一般募集住宅）,葛飾区,東金町五丁目第２,1,昭和56,無,２人以上
令和7年5月,世帯向（一般募集住宅）,葛飾区,柴又六丁目第３,2,平成3,無,３人以上
令和7年5月,世帯向（一般募集住宅）,葛飾区,白鳥三丁目第２,2,昭和57,無,２人以上
令和7年5月,世帯向（一般募集住宅）,葛飾区,白鳥四丁目,1,昭和58,有,２人以上
令和7年5月,世帯向（一般募集住宅）,葛飾区,白鳥四丁目,2,昭和58,無,２人以上
令和7年5月,世帯向（一般募集住宅）,葛飾区,葛飾新宿一丁目,2,昭和52,有,２人以上
令和7年5月,世帯向（一般募集住宅）,葛飾区,西亀有二丁目第１４,2,昭和61,無,２人以上
令和7年5月,世帯向（一般募集住宅）,葛飾区,西亀有二丁目第１９,1,昭和61,無,２人以上
令和7年5月,世帯向（一般募集住宅）,葛飾区,西亀有二丁目第５,1,昭和56,無,２人以上
令和7年5月,世帯向（一般募集住宅）,葛飾区,西亀有二丁目第７,1,昭和58,有,２人以上
令和7年5月,世帯向（一般募集住宅）,葛飾区,鎌倉二丁目第３,1,昭和54,有,２人以上
令和7年5月,世帯向（一般募集住宅）,調布市,調布富士見町四丁目,1,昭和55,無,２人以上
令和7年5月,世帯向（一般募集住宅）,調布市,調布富士見町四丁目第２,1,昭和55,無,２人以上
令和7年5月,世帯向（一般募集住宅）,調布市,調布富士見町四丁目第２,1,昭和55,無,２人以上
令和7年5月,世帯向（一般募集住宅）,調布市,調布深大寺町第２,1,昭和56,無,３人以上
令和7年5月,世帯向（一般募集住宅）,足立区,五反野北町,1,昭和62,有,２人以上
令和7年5月,世帯向（一般募集住宅）,足立区,六月町,2,昭和46,有,２人以上
令和7年5月,世帯向（一般募集住宅）,足立区,千住元町,1,昭和44,有,２人以上
令和7年5月,世帯向（一般募集住宅）,足立区,宮城一丁目,4,平成24,有,４人以上
令和7年5月,世帯向（一般募集住宅）,足立区,島根四丁目第２,1,昭和56,有,２人以上
令和7年5月,世帯向（一般募集住宅）,足立区,扇一丁目第２,2,昭和60,有,２人以上
令和7年5月,世帯向（一般募集住宅）,足立区,扇一丁目第２,1,昭和60,有,２人以上
令和7年5月,世帯向（一般募集住宅）,足立区,扇一丁目第４,3,平成28,有,３人以上
令和7年5月,世帯向（一般募集住宅）,足立区,扇三丁目,2,昭和57,有,２人以上
令和7年5月,世帯向（一般募集住宅）,足立区,梅田三丁目,1,昭和54,有,２人以上
令和7年5月,世帯向（一般募集住宅）,足立区,梅田八丁目,1,平成23,有,３人以上
令和7年5月,世帯向（一般募集住宅）,足立区,江北三丁目第３,1,平成18,有,３人以上
令和7年5月,世帯向（一般募集住宅）,足立区,江北二丁目第２,2,昭和63,有,２人以上
令和7年5月,世帯向（一般募集住宅）,足立区,花畑第５,1,昭和46,無,１～２人
令和7年5月,世帯向（一般募集住宅）,足立区,西保木間二丁目,1,平成26,有,４人以上
令和7年5月,世帯向（一般募集住宅）,足立区,西保木間二丁目第２,1,昭和43,有,２人以上
令和7年5月,世帯向（一般募集住宅）,足立区,西新井本町三丁目,2,平成27,有,３人以上
令和7年5月,世帯向（一般募集住宅）,足立区,西綾瀬四丁目,2,平成2,無,２人以上
令和7年5月,世帯向（一般募集住宅）,足立区,足立平野一丁目,2,昭和45,無,３人以上
令和7年5月,世帯向（一般募集住宅）,足立区,青井六丁目,1,昭和58,有,２人以上
令和7年5月,世帯向（一般募集住宅）,足立区,青井四丁目,1,昭和55,有,２人以上
令和7年8月,居室内で病死等があった住宅,足立区,千住桜木二丁目,1,昭和45,有,１人
令和7年8月,居室内で病死等があった住宅,足立区,西保木間三丁目,1,昭和45,有,１人
令和7年11月,世帯向（一般募集住宅）,三鷹市,三鷹深大寺第２,2,昭和58,無,２人以上
令和7年11月,世帯向（一般募集住宅）,三鷹市,中原四丁目第２,1,昭和48,無,２人以上
令和7年11月,世帯向（一般募集住宅）,三鷹市,中原四丁目第２,1,昭和48,有,２人以上
令和7年11月,世帯向（一般募集住宅）,世田谷区,粕谷二丁目,1,平成26,有,４人以上
令和7年11月,世帯向（一般募集住宅）,中野区,若宮二丁目,1,平成7,有,５人以上
令和7年11月,世帯向（一般募集住宅）,八王子市,多摩ニュータウン別所一丁目,3,平成6,有,２人以上
令和7年11月,世帯向（一般募集住宅）,八王子市,多摩ニュータウン別所一丁目第３,3,平成8,有,２人以上
令和7年11月,居室内で病死等があった住宅,八王子市,多摩ニュータウン南大沢,1,昭和56,無,１人以上
令和7年11月,居室内で病死等があった住宅,八王子市,多摩ニュータウン南大沢,1,昭和58,無,１人以上
令和7年11月,居室内で病死等があった住宅,八王子市,多摩ニュータウン南大沢,1,昭和58,無,１人以上
令和7年11月,世帯向（一般募集住宅）,八王子市,多摩ニュータウン松が谷,3,昭和55,無,２人以上
令和7年11月,世帯向（一般募集住宅）,八王子市,多摩ニュータウン鹿島,2,昭和60,無,１人以上
令和7年11月,世帯向（一般募集住宅）,八王子市,長房,2,平成25,有,３人以上
令和7年11月,世帯向（一般募集住宅）,八王子市,長房南,3,平成22,有,４人以上
令和7年11月,世帯向（一般募集住宅）,八王子市,長沼町,1,昭和63,無,２人以上
令和7年11月,若年夫婦・子育て世帯向（定期使用住宅）,八王子市,長沼町第２,1,平成5,有,２人以上
令和7年11月,世帯向（一般募集住宅）,国分寺市,国分寺内藤一丁目第２,1,平成3,無,２人以上
令和7年11月,世帯向（一般募集住宅）,国分寺市,国分寺内藤一丁目第４,1,平成7,無,２人以上
令和7年11月,世帯向（一般募集住宅）,国分寺市,国分寺西町五丁目,1,平成3,有,２人以上
令和7年11月,世帯向（一般募集住宅）,国立市,国立北三丁目第２,1,平成30,有,３人以上
令和7年11月,居室内で病死等があった住宅,多摩市,多摩ニュータウン愛宕,1,昭和45,無,単身
令和7年11月,居室内で病死等があった住宅,多摩市,多摩ニュータウン愛宕,1,昭和45,無,単身
令和7年11月,世帯向（一般募集住宅）,多摩市,多摩ニュータウン永山三丁目,2,平成28,有,４人以上
令和7年11月,若年夫婦・子育て世帯向（定期使用住宅）,小平市,大沼町一丁目,2,平成6,無,２人以上
令和7年11月,世帯向（一般募集住宅）,小平市,大沼町一丁目第２,1,平成6,有,２人以上
令和7年11月,世帯向（一般募集住宅）,小平市,大沼町二丁目,2,平成11,無,２人以上
令和7年11月,若年夫婦・子育て世帯向（定期使用住宅）,小平市,学園西町一丁目,1,昭和54,無,２人以上
令和7年11月,世帯向（一般募集住宅）,小平市,小川東町,1,昭和62,無,１人以上
令和7年11月,世帯向（一般募集住宅）,小平市,小川西町一丁目,1,平成3,有,２人以上
令和7年11月,世帯向（一般募集住宅）,小平市,小川西町二丁目,1,平成5,有,２人以上
令和7年11月,若年夫婦・子育て世帯向（定期使用住宅）,小平市,小川西町二丁目,1,平成2,有,２人以上
令和7年11月,若年夫婦・子育て世帯向（定期使用住宅）,小平市,小川西町四丁目,1,平成8,無,２人以上
令和7年11月,若年夫婦・子育て世帯向（定期使用住宅）,小平市,小川西町四丁目,1,平成8,有,２人以上
令和7年11月,世帯向（一般募集住宅）,小平市,小平仲町,2,昭和62,無,２人以上
令和7年11月,若年夫婦・子育て世帯向（定期使用住宅）,小平市,美園町一丁目第２,1,平成7,有,２人以上
令和7年11月,世帯向（一般募集住宅）,小金井市,小金井貫井北町三丁目第２,1,昭和62,無,３人以上
令和7年11月,世帯向（一般募集住宅）,府中市,府中北山町三丁目,5,昭和63,無,２人以上
令和7年11月,世帯向（一般募集住宅）,府中市,府中幸町二丁目第３,1,昭和59,無,２人以上
令和7年11月,世帯向（一般募集住宅）,府中市,府中栄町一丁目第３,1,昭和62,無,２人以上
令和7年11月,世帯向（一般募集住宅）,府中市,府中栄町二丁目,1,平成6,無,２人以上
令和7年11月,世帯向（一般募集住宅）,府中市,府中武蔵台二丁目第３,1,平成7,無,２人以上
令和7年11月,世帯向（一般募集住宅）,日野市,日野栄町二丁目,1,平成2,無,２人以上
令和7年11月,若年夫婦・子育て世帯向（定期使用住宅）,昭島市,昭島福島町,2,令和4,有,３人以上
令和7年11月,世帯向（一般募集住宅）,昭島市,松原町一丁目第２,1,昭和63,無,２人以上
令和7年11月,世帯向（一般募集住宅）,昭島市,美堀町二丁目,1,平成10,無,２人以上
令和7年11月,世帯向（一般募集住宅）,昭島市,美堀町二丁目,1,平成10,無,２人以上
令和7年11月,世帯向（一般募集住宅）,東大和市,東大和向原,1,平成6,無,２人以上
令和7年11月,世帯向（一般募集住宅）,東大和市,東大和清水二丁目,2,昭和63,無,２人以上
令和7年11月,世帯向（一般募集住宅）,東村山市,多摩湖町一丁目第２,2,平成4,有,１人以上
令和7年11月,世帯向（一般募集住宅）,東村山市,多摩湖町一丁目第２,2,平成4,有,１人以上
令和7年11月,世帯向（一般募集住宅）,東村山市,多摩湖町一丁目第２,1,平成4,無,１人以上
令和7年11月,世帯向（一般募集住宅）,東村山市,多摩湖町一丁目第２,1,令和3,有,２人以上
令和7年11月,世帯向（一般募集住宅）,東村山市,多摩湖町一丁目第２,2,平成4,有,２人以上
令和7年11月,若年夫婦・子育て世帯向（定期使用住宅）,東村山市,多摩湖町一丁目第２,5,令和3,有,２人以上
令和7年11月,若年夫婦・子育て世帯向（定期使用住宅）,東村山市,多摩湖町一丁目第２,1,平成4,有,２人以上
令和7年11月,若年夫婦・子育て世帯向（定期使用住宅）,東村山市,多摩湖町一丁目第２,2,平成4,無,２人以上
令和7年11月,若年夫婦・子育て世帯向（定期使用住宅）,東村山市,多摩湖町一丁目第２,4,令和3,有,３人以上
令和7年11月,若年夫婦・子育て世帯向（定期使用住宅）,東村山市,多摩湖町一丁目第２,4,令和3,有,４人以上
令和7年11月,世帯向（一般募集住宅）,東村山市,多摩湖町四丁目,1,平成13,有,２人以上
令和7年11月,世帯向（一般募集住宅）,東村山市,廻田町三丁目,3,平成4,無,２人以上
令和7年11月,世帯向（一般募集住宅）,東村山市,東村山富士見町五丁目,2,昭和58,有,２人以上
令和7年11月,世帯向（一般募集住宅）,東村山市,東村山富士見町五丁目,3,昭和58,有,２人以上
令和7年11月,世帯向（一般募集住宅）,東村山市,東村山栄町三丁目,1,昭和63,有,２人以上
令和7年11月,世帯向（一般募集住宅）,東村山市,東村山栄町二丁目,1,昭和61,有,２人以上
令和7年11月,世帯向（一般募集住宅）,東村山市,東村山栄町二丁目,2,昭和61,無,２人以上
令和7年11月,世帯向（一般募集住宅）,東村山市,東村山栄町二丁目第３,3,昭和62,無,２人以上
令和7年11月,若年夫婦・子育て世帯向（定期使用住宅）,東村山市,東村山萩山町三丁目,3,昭和58,無,２人以上
令和7年11月,若年夫婦・子育て世帯向（定期使用住宅）,東村山市,東村山萩山町二丁目,1,昭和50,無,２人以上
令和7年11月,居室内で病死等があった住宅,東村山市,東村山萩山町二丁目,1,昭和56,無,１人以上
令和7年11月,世帯向（一般募集住宅）,東村山市,秋津町一丁目第２,2,平成8,無,２人以上
令和7年11月,世帯向（一般募集住宅）,東村山市,秋津町一丁目第２,1,平成8,無,２人以上
令和7年11月,若年夫婦・子育て世帯向（定期使用住宅）,東村山市,美住町一丁目,3,昭和60,無,２人以上
令和7年11月,世帯向（一般募集住宅）,東村山市,美住町一丁目第２,3,昭和61,無,２人以上
令和7年11月,世帯向（一般募集住宅）,東村山市,美住町一丁目第３,3,平成8,有,２人以上
令和7年11月,世帯向（一般募集住宅）,板橋区,西台一丁目,2,平成17,有,３人以上
令和7年11月,世帯向（一般募集住宅）,武蔵野市,武蔵野緑町二丁目第３,1,平成19,有,３人以上
令和7年11月,世帯向（一般募集住宅）,江戸川区,小松川三丁目,1,昭和61,有,２人以上
令和7年11月,世帯向（一般募集住宅）,江戸川区,西瑞江四丁目第３,1,平成24,有,３人以上
令和7年11月,世帯向（一般募集住宅）,江戸川区,西瑞江四丁目第３,1,平成24,有,４人以上
令和7年11月,世帯向（一般募集住宅）,江東区,東雲一丁目,1,平成2,無,２人以上
令和7年11月,居室内で病死等があった住宅,江東区,東雲一丁目,1,昭和44,有,１人以上
令和7年11月,居室内で病死等があった住宅,江東区,東雲二丁目,1,昭和50,有,１人以上
令和7年11月,世帯向（一般募集住宅）,江東区,枝川一丁目,1,昭和47,有,３人以上
令和7年11月,世帯向（一般募集住宅）,江東区,潮見一丁目,1,平成9,有,５人以上
令和7年11月,世帯向（一般募集住宅）,清瀬市,松山一丁目,2,昭和57,無,２人以上
令和7年11月,若年夫婦・子育て世帯向（定期使用住宅）,清瀬市,松山一丁目第２,1,昭和57,無,２人以上
令和7年11月,世帯向（一般募集住宅）,清瀬市,松山三丁目第２,2,昭和53,無,２人以上
令和7年11月,世帯向（一般募集住宅）,清瀬市,松山二丁目,1,昭和55,無,１人以上
令和7年11月,世帯向（一般募集住宅）,清瀬市,松山二丁目,2,昭和55,無,２人以上
令和7年11月,若年夫婦・子育て世帯向（定期使用住宅）,清瀬市,松山二丁目,1,昭和55,無,２人以上
令和7年11月,世帯向（一般募集住宅）,清瀬市,清瀬元町二丁目,2,昭和55,無,２人以上
令和7年11月,居室内で病死等があった住宅,清瀬市,清瀬元町二丁目第２,1,昭和55,無,１人以上
令和7年11月,世帯向（一般募集住宅）,清瀬市,清瀬竹丘一丁目,2,昭和57,無,２人以上
令和7年11月,世帯向（一般募集住宅）,清瀬市,清瀬竹丘一丁目,2,平成3,有,２人以上
令和7年11月,世帯向（一般募集住宅）,清瀬市,清瀬竹丘三丁目第２,2,平成7,有,２人以上
令和7年11月,世帯向（一般募集住宅）,清瀬市,清瀬竹丘二丁目,2,平成6,有,２人以上
令和7年11月,世帯向（一般募集住宅）,清瀬市,清瀬竹丘二丁目,2,平成6,有,２人以上
令和7年11月,世帯向（一般募集住宅）,清瀬市,清瀬竹丘二丁目,1,平成6,無,２人以上
令和7年11月,居室内で病死等があった住宅,清瀬市,清瀬竹丘二丁目,1,昭和60,有,１人以上
令和7年11月,居室内で病死等があった住宅,清瀬市,野塩五丁目,1,昭和54,無,１人以上
令和7年11月,居室内で病死等があった住宅,町田市,成瀬,1,昭和53,有,１人以上
令和7年11月,居室内で病死等があった住宅,町田市,木曽森野第１,1,平成4,無,１人以上
令和7年11月,世帯向（一般募集住宅）,町田市,森野六丁目,1,平成5,無,２人以上
令和7年11月,世帯向（一般募集住宅）,町田市,金森第４,3,昭和58,有,２人以上
令和7年11月,世帯向（一般募集住宅）,立川市,上砂町一丁目,1,平成5,無,２人以上
令和7年11月,世帯向（一般募集住宅）,立川市,上砂町一丁目,2,平成5,無,２人以上
令和7年11月,世帯向（一般募集住宅）,立川市,柏町一丁目,1,昭和63,無,２人以上
令和7年11月,世帯向（一般募集住宅）,立川市,立川富士見町一丁目第３,1,平成10,有,４人以上
令和7年11月,世帯向（一般募集住宅）,立川市,立川富士見町四丁目,2,平成6,無,３人以上
令和7年11月,世帯向（一般募集住宅）,立川市,立川富士見町四丁目,1,平成6,無,４人以上
令和7年11月,世帯向（一般募集住宅）,立川市,立川幸町二丁目第３,1,昭和60,有,２人以上
令和7年11月,世帯向（一般募集住宅）,練馬区,上石神井四丁目,1,平成24,有,４人以上
令和7年11月,世帯向（一般募集住宅）,練馬区,南大泉一丁目,1,平成4,無,３人以上
令和7年11月,若年夫婦・子育て世帯向（定期使用住宅）,練馬区,南大泉一丁目,1,平成4,無,２人以上
令和7年11月,世帯向（一般募集住宅）,練馬区,早宮一丁目,1,昭和59,有,３人以上
令和7年11月,世帯向（一般募集住宅）,練馬区,旭町二丁目第３,1,昭和61,無,２人以上
令和7年11月,世帯向（一般募集住宅）,練馬区,石神井町二丁目,1,昭和63,無,３人以上
令和7年11月,世帯向（一般募集住宅）,練馬区,練馬春日町五丁目第２,1,昭和52,無,２人以上
令和7年11月,世帯向（一般募集住宅）,練馬区,練馬関町一丁目,2,昭和51,無,２人以上
令和7年11月,世帯向（一般募集住宅）,練馬区,練馬関町一丁目第２,3,昭和55,無,２人以上
令和7年11月,世帯向（一般募集住宅）,練馬区,練馬関町北三丁目第２,3,昭和55,無,２人以上
令和7年11月,世帯向（一般募集住宅）,練馬区,練馬関町北三丁目第４,1,昭和62,無,２人以上
令和7年11月,若年夫婦・子育て世帯向（定期使用住宅）,練馬区,練馬関町北三丁目第５,1,平成3,無,２人以上
令和7年11月,世帯向（一般募集住宅）,練馬区,練馬関町北三丁目第６,1,平成3,無,２人以上
令和7年11月,世帯向（一般募集住宅）,練馬区,練馬関町北四丁目第３,1,平成7,無,２人以上
令和7年11月,世帯向（一般募集住宅）,練馬区,谷原三丁目,1,平成7,無,３人以上
令和7年11月,世帯向（一般募集住宅）,練馬区,豊玉中一丁目第２,1,昭和53,無,２人以上
令和7年11月,居室内で病死等があった住宅,葛飾区,亀有一丁目,1,昭和52,無,１人以上
令和7年11月,世帯向（一般募集住宅）,葛飾区,亀有二丁目第２,1,昭和52,無,２人以上
令和7年11月,世帯向（一般募集住宅）,葛飾区,亀有二丁目第７,1,昭和59,無,２人以上
令和7年11月,世帯向（一般募集住宅）,葛飾区,南水元一丁目第２,2,昭和61,無,２人以上
令和7年11月,居室内で病死等があった住宅,葛飾区,南水元一丁目第２,1,昭和60,有,１人以上
令和7年11月,世帯向（一般募集住宅）,葛飾区,南水元一丁目第３,1,平成6,有,３人以上
令和7年11月,世帯向（一般募集住宅）,葛飾区,南水元一丁目第５,1,平成9,有,２人以上
令和7年11月,世帯向（一般募集住宅）,葛飾区,南水元一丁目第６,1,平成13,有,２人以上
令和7年11月,若年夫婦・子育て世帯向（定期使用住宅）,葛飾区,東堀切三丁目,1,昭和59,無,２人以上
令和7年11月,若年夫婦・子育て世帯向（定期使用住宅）,葛飾区,柴又一丁目第２,1,昭和55,無,２人以上
令和7年11月,世帯向（一般募集住宅）,葛飾区,白鳥三丁目第２,2,昭和57,無,２人以上
令和7年11月,世帯向（一般募集住宅）,葛飾区,西亀有一丁目,1,平成24,有,３人以上
令和7年11月,世帯向（一般募集住宅）,葛飾区,西亀有一丁目,1,平成24,有,４人以上
令和7年11月,世帯向（一般募集住宅）,葛飾区,西亀有三丁目,1,昭和57,有,２人以上
令和7年11月,若年夫婦・子育て世帯向（定期使用住宅）,葛飾区,西亀有三丁目,1,昭和57,有,２人以上
令和7年11月,世帯向（一般募集住宅）,葛飾区,西亀有三丁目第３,3,昭和58,無,２人以上
令和7年11月,世帯向（一般募集住宅）,葛飾区,西亀有二丁目第１３,1,昭和60,有,２人以上
令和7年11月,世帯向（一般募集住宅）,葛飾区,西亀有二丁目第１５,1,昭和61,無,２人以上
令和7年11月,世帯向（一般募集住宅）,葛飾区,西亀有二丁目第１６,1,昭和61,無,２人以上
令和7年11月,世帯向（一般募集住宅）,葛飾区,西亀有二丁目第１７,2,昭和61,無,２人以上
令和7年11月,世帯向（一般募集住宅）,葛飾区,西亀有二丁目第１８,1,昭和61,無,２人以上
令和7年11月,世帯向（一般募集住宅）,葛飾区,西亀有二丁目第１８,2,昭和61,無,２人以上
令和7年11月,世帯向（一般募集住宅）,葛飾区,西亀有二丁目第１９,2,昭和61,無,２人以上
令和7年11月,世帯向（一般募集住宅）,葛飾区,西亀有二丁目第３,1,昭和61,無,３人以上
令和7年11月,世帯向（一般募集住宅）,葛飾区,西亀有二丁目第４,1,昭和56,無,２人以上
令和7年11月,世帯向（一般募集住宅）,葛飾区,西亀有二丁目第６,1,昭和56,無,２人以上
令和7年11月,世帯向（一般募集住宅）,葛飾区,西亀有二丁目第８,1,昭和58,無,２人以上
令和7年11月,世帯向（一般募集住宅）,葛飾区,金町一丁目第２,1,昭和59,有,２人以上
令和7年11月,世帯向（一般募集住宅）,調布市,佐須町,1,昭和57,無,２人以上
令和7年11月,世帯向（一般募集住宅）,調布市,染地一丁目,1,昭和54,無,２人以上
令和7年11月,世帯向（一般募集住宅）,調布市,調布柴崎一丁目,2,昭和55,無,３人以上
令和7年11月,世帯向（一般募集住宅）,調布市,調布深大寺町,1,昭和55,無,２人以上
令和7年11月,世帯向（一般募集住宅）,足立区,中川二丁目,1,昭和51,無,２人以上
令和7年11月,世帯向（一般募集住宅）,足立区,保木間四丁目,1,昭和59,無,３人以上
令和7年11月,世帯向（一般募集住宅）,足立区,六月二丁目,1,昭和51,有,２人以上
令和7年11月,世帯向（一般募集住宅）,足立区,平野三丁目第２,1,昭和51,無,２人以上
令和7年11月,世帯向（一般募集住宅）,足立区,扇三丁目第２,1,平成22,有,２人以上
令和7年11月,世帯向（一般募集住宅）,足立区,扇三丁目第２,1,平成24,有,４人以上
令和7年11月,世帯向（一般募集住宅）,足立区,神明一丁目,1,昭和59,無,２人以上
令和7年11月,世帯向（一般募集住宅）,足立区,神明一丁目,1,昭和59,無,３人以上
令和7年11月,世帯向（一般募集住宅）,足立区,神明一丁目第２,1,昭和61,無,３人以上
令和7年11月,居室内で病死等があった住宅,足立区,西保木間四丁目,1,昭和43,無,１人以上
令和7年11月,世帯向（一般募集住宅）,足立区,足立中央本町五丁目,2,昭和51,有,２人以上
令和7年11月,居室内で病死等があった住宅,足立区,足立加賀二丁目,1,昭和53,有,１人以上
令和7年11月,若年夫婦・子育て世帯向（定期使用住宅）,足立区,青井五丁目,1,昭和52,有,２人以上
令和7年11月,居室内で病死等があった住宅,足立区,鹿浜五丁目,1,昭和46,有,１人以上
令和7年11月,居室内で病死等があった住宅,足立区,鹿浜五丁目,1,昭和46,有,１人以上
令和7年11月,居室内で病死等があった住宅,足立区,鹿浜五丁目,1,昭和46,有,１人以上
令和8年2月,居室内で病死等があった住宅,昭島市,拝島町三丁目,1,平成14,有,２人以上
令和8年2月,居室内で病死等があった住宅,東大和市,東大和清水二丁目,1,昭和63,無,２人以上
令和8年2月,居室内で病死等があった住宅,清瀬市,中清戸四丁目,1,平成13,有,２人以上
令和8年2月,居室内で病死等があった住宅,瑞穂町,瑞穂,1,平成10,有,２人以上
令和8年2月,居室内で病死等があった住宅,町田市,山崎町第２,1,昭和63,無,１人
令和8年2月,居室内で病死等があった住宅,町田市,金森第８,1,平成5,有,２人以上
令和8年5月,世帯向（一般募集住宅）,三鷹市,上連雀九丁目,3,昭和51,無,２人以上
令和8年5月,世帯向（一般募集住宅）,三鷹市,中原四丁目第２,2,昭和48,無,２人以上
令和8年5月,若年夫婦・子育て世帯向（定期使用住宅）,世田谷区,弦巻五丁目第２,2,昭和57,無,２人以上
令和8年5月,若年夫婦・子育て世帯向（定期使用住宅）,世田谷区,桜一丁目第２,1,昭和50,無,２人以上
令和8年5月,若年夫婦・子育て世帯向（定期使用住宅）,世田谷区,玉川台一丁目,1,昭和57,無,２人以上
令和8年5月,世帯向（一般募集住宅）,八王子市,長房,1,平成25,有,２人以上
令和8年5月,世帯向（一般募集住宅）,八王子市,長房東,1,平成25,有,３人以上
令和8年5月,世帯向（一般募集住宅）,八王子市,長房西,1,昭和51,無,２人以上
令和8年5月,若年夫婦・子育て世帯向（定期使用住宅）,八王子市,長沼町,2,昭和63,無,２人以上
令和8年5月,若年夫婦・子育て世帯向（定期使用住宅）,国分寺市,戸倉四丁目,1,平成2,無,２人以上
令和8年5月,若年夫婦・子育て世帯向（定期使用住宅）,国分寺市,泉町三丁目,2,昭和59,無,２人以上
令和8年5月,若年夫婦・子育て世帯向（定期使用住宅）,小平市,上水南町一丁目,1,平成2,無,２人以上
令和8年5月,世帯向（一般募集住宅）,小平市,小川町一丁目,2,昭和63,有,２人以上
令和8年5月,若年夫婦・子育て世帯向（定期使用住宅）,小平市,津田町三丁目,1,平成6,無,２人以上
令和8年5月,若年夫婦・子育て世帯向（定期使用住宅）,府中市,府中南町,4,平成2,有,２人以上
令和8年5月,世帯向（一般募集住宅）,府中市,府中栄町一丁目,6,昭和52,無,２人以上
令和8年5月,若年夫婦・子育て世帯向（定期使用住宅）,府中市,府中武蔵台三丁目,1,昭和62,無,２人以上
令和8年5月,世帯向（一般募集住宅）,府中市,府中西原町二丁目,1,昭和62,無,２人以上
令和8年5月,若年夫婦・子育て世帯向（定期使用住宅）,昭島市,中神第３,1,平成24,有,２人以上
令和8年5月,若年夫婦・子育て世帯向（定期使用住宅）,昭島市,美堀町二丁目,2,平成10,無,２人以上
令和8年5月,若年夫婦・子育て世帯向（定期使用住宅）,東村山市,美住町一丁目第３,2,平成8,有,２人以上
令和8年5月,世帯向（一般募集住宅）,武蔵野市,吉祥寺北町五丁目,1,昭和48,無,２人以上
令和8年5月,若年夫婦・子育て世帯向（定期使用住宅）,江東区,枝川一丁目第３,1,平成11,有,２人以上
令和8年5月,若年夫婦・子育て世帯向（定期使用住宅）,江東区,潮見一丁目,1,平成9,有,２人以上
令和8年5月,世帯向（一般募集住宅）,清瀬市,松山三丁目,1,昭和53,無,１人以上
令和8年5月,世帯向（一般募集住宅）,清瀬市,清瀬竹丘一丁目,3,昭和57,無,１人以上
令和8年5月,若年夫婦・子育て世帯向（定期使用住宅）,清瀬市,清瀬竹丘一丁目,1,平成3,有,２人以上
令和8年5月,居室内で病死等があった住宅,清瀬市,清瀬竹丘二丁目,1,昭和63,有,１人以上
令和8年5月,居室内で病死等があった住宅,清瀬市,清瀬竹丘二丁目,1,昭和63,有,１人以上
令和8年5月,居室内で病死等があった住宅,清瀬市,清瀬竹丘二丁目,1,昭和63,有,１人以上
令和8年5月,世帯向（一般募集住宅）,町田市,山崎町第２,1,昭和63,無,１人以上
令和8年5月,居室内で病死等があった住宅,町田市,木曽森野第１,1,昭和62,無,１人以上
令和8年5月,世帯向（一般募集住宅）,立川市,上砂町一丁目,1,平成5,無,１人以上
令和8年5月,若年夫婦・子育て世帯向（定期使用住宅）,練馬区,貫井二丁目,1,昭和56,無,２人以上
令和8年5月,居室内で病死等があった住宅,葛飾区,亀有二丁目第３,1,昭和55,無,１人以上
令和8年5月,居室内で病死等があった住宅,葛飾区,亀有二丁目第７,1,昭和59,無,１人以上
令和8年5月,世帯向（一般募集住宅）,葛飾区,堀切八丁目,2,昭和52,有,２人以上
令和8年5月,居室内で病死等があった住宅,葛飾区,西亀有二丁目第１８,1,昭和61,無,１人以上
令和8年5月,若年夫婦・子育て世帯向（定期使用住宅）,葛飾区,西亀有二丁目第１９,1,昭和61,無,２人以上
令和8年5月,世帯向（一般募集住宅）,葛飾区,西亀有二丁目第５,1,昭和56,無,２人以上
令和8年5月,居室内で病死等があった住宅,足立区,宮城第３,1,昭和44,有,１～２人
令和8年5月,若年夫婦・子育て世帯向（定期使用住宅）,足立区,島根四丁目第３,1,昭和57,有,２人以上
令和8年5月,若年夫婦・子育て世帯向（定期使用住宅）,足立区,扇三丁目第２,1,平成26,有,３人以上
令和8年5月,若年夫婦・子育て世帯向（定期使用住宅）,足立区,江北二丁目第２,3,昭和63,有,２人以上
令和8年5月,若年夫婦・子育て世帯向（定期使用住宅）,足立区,西新井本町三丁目,1,平成27,有,２人以上
令和8年5月,居室内で病死等があった住宅,足立区,西新井本町二丁目,1,昭和44,有,１人以上
令和8年5月,若年夫婦・子育て世帯向（定期使用住宅）,足立区,足立二丁目,1,平成3,有,２人以上
